chain,resi_struct,resn_struct,partner_chain,partner_resi,partner_resn,bond_type,residue_key,partner_residue_key,protein_protein,category,geometry,role
A,33,ASP,A,36,ARG,salt_bridge,A:33:ASP,A:36:ARG,True,,,
A,47,LYS,A,51,ASP,salt_bridge,A:47:LYS,A:51:ASP,True,,,
A,50,LYS,A,54,ASP,salt_bridge,A:50:LYS,A:54:ASP,True,,,
A,71,ARG,A,76,ASP,salt_bridge,A:71:ARG,A:76:ASP,True,,,
A,13,LYS,A,84,ASP,salt_bridge,A:13:LYS,A:84:ASP,True,,,
A,108,GLU,A,195,LYS,salt_bridge,A:108:GLU,A:195:LYS,True,,,
A,113,ASP,A,172,HIS,salt_bridge,A:113:ASP,A:172:HIS,True,,,
A,114,GLU,A,165,ARG,salt_bridge,A:114:GLU,A:165:ARG,True,,,
A,131,ARG,A,146,ASP,salt_bridge,A:131:ARG,A:146:ASP,True,,,
A,126,HIS,A,151,GLU,salt_bridge,A:126:HIS,A:151:GLU,True,,,
A,145,LYS,A,152,GLU,salt_bridge,A:145:LYS,A:152:GLU,True,,,
A,161,GLU,A,165,ARG,salt_bridge,A:161:GLU,A:165:ARG,True,,,
A,185,GLU,A,97,LYS,salt_bridge,A:185:GLU,A:97:LYS,True,,,
A,200,LYS,A,208,ASP,salt_bridge,A:200:LYS,A:208:ASP,True,,,
A,210,GLU,A,23,LYS,salt_bridge,A:210:GLU,A:23:LYS,True,,,
A,126,HIS,A,151,GLU,ionic,A:126:HIS,A:151:GLU,True,,,
A,113,ASP,A,172,HIS,ionic,A:113:ASP,A:172:HIS,True,,,
A,181,TYR,A,182,TYR,pi_stacking,A:181:TYR,A:182:TYR,True,,t_shaped,
A,122,GLY,A,134,HIS,vdw_contact,A:122:GLY,A:134:HIS,True,,,
A,37,ALA,A,38,ALA,vdw_contact,A:37:ALA,A:38:ALA,True,,,
A,124,ARG,A,133,TYR,vdw_contact,A:124:ARG,A:133:TYR,True,,,
A,173,GLN,A,174,MET,vdw_contact,A:173:GLN,A:174:MET,True,,,
A,30,SER,A,31,THR,vdw_contact,A:30:SER,A:31:THR,True,,,
A,186,ALA,A,192,LYS,vdw_contact,A:186:ALA,A:192:LYS,True,,,
A,175,THR,A,177,PRO,vdw_contact,A:175:THR,A:177:PRO,True,,,
A,183,SER,A,184,LYS,vdw_contact,A:183:SER,A:184:LYS,True,,,
A,206,ARG,A,208,ASP,vdw_contact,A:206:ARG,A:208:ASP,True,,,
A,96,MET,A,99,ALA,vdw_contact,A:96:MET,A:99:ALA,True,,,
A,60,THR,A,63,LEU,vdw_contact,A:60:THR,A:63:LEU,True,,,
A,118,ASP,A,119,ARG,vdw_contact,A:118:ASP,A:119:ARG,True,,,
A,167,ARG,A,170,GLU,vdw_contact,A:167:ARG,A:170:GLU,True,,,
A,47,LYS,A,48,GLN,vdw_contact,A:47:LYS,A:48:GLN,True,,,
A,191,THR,A,192,LYS,vdw_contact,A:191:THR,A:192:LYS,True,,,
A,55,ALA,A,56,GLY,vdw_contact,A:55:ALA,A:56:GLY,True,,,
A,75,GLU,A,78,ARG,vdw_contact,A:75:GLU,A:78:ARG,True,,,
A,43,SER,A,46,GLY,vdw_contact,A:43:SER,A:46:GLY,True,,,
A,106,VAL,A,193,TYR,vdw_contact,A:106:VAL,A:193:TYR,True,,,
A,14,GLY,A,16,GLN,vdw_contact,A:14:GLY,A:16:GLN,True,,,
A,198,GLY,A,199,THR,vdw_contact,A:198:GLY,A:199:THR,True,,,
A,13,LYS,A,84,ASP,vdw_contact,A:13:LYS,A:84:ASP,True,,,
A,120,ILE,A,122,GLY,vdw_contact,A:120:ILE,A:122:GLY,True,,,
A,62,GLU,A,63,LEU,vdw_contact,A:62:GLU,A:63:LEU,True,,,
A,64,VAL,A,65,ILE,vdw_contact,A:64:VAL,A:65:ILE,True,,,
A,21,MET,A,26,ILE,vdw_contact,A:21:MET,A:26:ILE,True,,,
A,170,GLU,A,171,TYR,vdw_contact,A:170:GLU,A:171:TYR,True,,,
A,199,THR,A,200,LYS,vdw_contact,A:199:THR,A:200:LYS,True,,,
A,91,PRO,A,94,ASP,vdw_contact,A:91:PRO,A:94:ASP,True,,,
A,208,ASP,A,209,LEU,vdw_contact,A:208:ASP,A:209:LEU,True,,,
A,126,HIS,A,128,PRO,vdw_contact,A:126:HIS,A:128:PRO,True,,,
A,31,THR,A,33,ASP,vdw_contact,A:31:THR,A:33:ASP,True,,,
A,142,VAL,A,143,GLU,vdw_contact,A:142:VAL,A:143:GLU,True,,,
A,161,GLU,A,164,VAL,vdw_contact,A:161:GLU,A:164:VAL,True,,,
A,126,HIS,A,130,GLY,vdw_contact,A:126:HIS,A:130:GLY,True,,,
A,69,LYS,A,71,ARG,vdw_contact,A:69:LYS,A:71:ARG,True,,,
A,71,ARG,A,72,ILE,vdw_contact,A:71:ARG,A:72:ILE,True,,,
A,178,LEU,A,179,ILE,vdw_contact,A:178:LEU,A:179:ILE,True,,,
A,38,ALA,A,40,LYS,vdw_contact,A:38:ALA,A:40:LYS,True,,,
A,109,PHE,A,110,ASP,vdw_contact,A:109:PHE,A:110:ASP,True,,,
A,112,PRO,A,114,GLU,vdw_contact,A:112:PRO,A:114:GLU,True,,,
A,62,GLU,A,65,ILE,vdw_contact,A:62:GLU,A:65:ILE,True,,,
A,8,ALA,A,9,PRO,vdw_contact,A:8:ALA,A:9:PRO,True,,,
A,84,ASP,A,85,GLY,vdw_contact,A:84:ASP,A:85:GLY,True,,,
A,10,GLY,A,9,PRO,vdw_contact,A:10:GLY,A:9:PRO,True,,,
A,72,ILE,A,74,GLN,vdw_contact,A:72:ILE,A:74:GLN,True,,,
A,114,GLU,A,115,LEU,vdw_contact,A:114:GLU,A:115:LEU,True,,,
A,80,GLY,A,81,PHE,vdw_contact,A:80:GLY,A:81:PHE,True,,,
A,2,ARG,A,3,ILE,vdw_contact,A:2:ARG,A:3:ILE,True,,,
A,116,ILE,A,117,VAL,vdw_contact,A:116:ILE,A:117:VAL,True,,,
A,145,LYS,A,152,GLU,vdw_contact,A:145:LYS,A:152:GLU,True,,,
A,134,HIS,A,137,PHE,vdw_contact,A:134:HIS,A:137:PHE,True,,,
A,121,VAL,A,123,ARG,vdw_contact,A:121:VAL,A:123:ARG,True,,,
A,11,ALA,A,12,GLY,vdw_contact,A:11:ALA,A:12:GLY,True,,,
A,142,VAL,A,145,LYS,vdw_contact,A:142:VAL,A:145:LYS,True,,,
A,35,LEU,A,59,VAL,vdw_contact,A:35:LEU,A:59:VAL,True,,,
A,10,GLY,A,119,ARG,vdw_contact,A:10:GLY,A:119:ARG,True,,,
A,168,LEU,A,172,HIS,vdw_contact,A:168:LEU,A:172:HIS,True,,,
A,87,PRO,A,88,ARG,vdw_contact,A:87:PRO,A:88:ARG,True,,,
A,103,VAL,A,4,ILE,vdw_contact,A:103:VAL,A:4:ILE,True,,,
A,110,ASP,A,197,ASP,vdw_contact,A:110:ASP,A:197:ASP,True,,,
A,38,ALA,A,41,SER,vdw_contact,A:38:ALA,A:41:SER,True,,,
A,95,ALA,A,96,MET,vdw_contact,A:95:ALA,A:96:MET,True,,,
A,19,PHE,A,20,ILE,vdw_contact,A:19:PHE,A:20:ILE,True,,,
A,71,ARG,A,74,GLN,vdw_contact,A:71:ARG,A:74:GLN,True,,,
A,112,PRO,A,115,LEU,vdw_contact,A:112:PRO,A:115:LEU,True,,,
A,11,ALA,A,8,ALA,vdw_contact,A:11:ALA,A:8:ALA,True,,,
A,122,GLY,A,124,ARG,vdw_contact,A:122:GLY,A:124:ARG,True,,,
A,202,VAL,A,203,ALA,vdw_contact,A:202:VAL,A:203:ALA,True,,,
A,132,VAL,A,133,TYR,vdw_contact,A:132:VAL,A:133:TYR,True,,,
A,165,ARG,A,166,LYS,vdw_contact,A:165:ARG,A:166:LYS,True,,,
A,59,VAL,A,60,THR,vdw_contact,A:59:VAL,A:60:THR,True,,,
A,193,TYR,A,194,ALA,vdw_contact,A:193:TYR,A:194:ALA,True,,,
A,114,GLU,A,118,ASP,vdw_contact,A:114:GLU,A:118:ASP,True,,,
A,166,LYS,A,167,ARG,vdw_contact,A:166:LYS,A:167:ARG,True,,,
A,164,VAL,A,166,LYS,vdw_contact,A:164:VAL,A:166:LYS,True,,,
A,27,PRO,A,28,GLN,vdw_contact,A:27:PRO,A:28:GLN,True,,,
A,113,ASP,A,117,VAL,vdw_contact,A:113:ASP,A:117:VAL,True,,,
A,210,GLU,A,211,LYS,vdw_contact,A:210:GLU,A:211:LYS,True,,,
A,137,PHE,A,138,ASN,vdw_contact,A:137:PHE,A:138:ASN,True,,,
A,42,GLY,A,43,SER,vdw_contact,A:42:GLY,A:43:SER,True,,,
A,141,LYS,A,147,ASP,vdw_contact,A:141:LYS,A:147:ASP,True,,,
A,95,ALA,A,98,GLU,vdw_contact,A:95:ALA,A:98:GLU,True,,,
A,174,MET,A,175,THR,vdw_contact,A:174:MET,A:175:THR,True,,,
A,104,ASP,A,105,TYR,vdw_contact,A:104:ASP,A:105:TYR,True,,,
A,180,GLY,A,181,TYR,vdw_contact,A:180:GLY,A:181:TYR,True,,,
A,209,LEU,A,211,LYS,vdw_contact,A:209:LEU,A:211:LYS,True,,,
A,111,VAL,A,112,PRO,vdw_contact,A:111:VAL,A:112:PRO,True,,,
A,107,LEU,A,6,LEU,vdw_contact,A:107:LEU,A:6:LEU,True,,,
A,146,ASP,A,147,ASP,vdw_contact,A:146:ASP,A:147:ASP,True,,,
A,13,LYS,A,5,LEU,vdw_contact,A:13:LYS,A:5:LEU,True,,,
A,18,GLN,A,22,GLU,vdw_contact,A:18:GLN,A:22:GLU,True,,,
A,187,GLU,A,188,ALA,vdw_contact,A:187:GLU,A:188:ALA,True,,,
A,166,LYS,A,169,VAL,vdw_contact,A:166:LYS,A:169:VAL,True,,,
A,171,TYR,A,174,MET,vdw_contact,A:171:TYR,A:174:MET,True,,,
A,109,PHE,A,111,VAL,vdw_contact,A:109:PHE,A:111:VAL,True,,,
A,36,ARG,A,39,VAL,vdw_contact,A:36:ARG,A:39:VAL,True,,,
A,95,ALA,A,99,ALA,vdw_contact,A:95:ALA,A:99:ALA,True,,,
A,155,THR,A,156,ARG,vdw_contact,A:155:THR,A:156:ARG,True,,,
A,89,THR,A,90,ILE,vdw_contact,A:89:THR,A:90:ILE,True,,,
A,13,LYS,A,15,THR,vdw_contact,A:13:LYS,A:15:THR,True,,,
A,53,MET,A,54,ASP,vdw_contact,A:53:MET,A:54:ASP,True,,,
A,21,MET,A,22,GLU,vdw_contact,A:21:MET,A:22:GLU,True,,,
A,1,MET,A,24,TYR,vdw_contact,A:1:MET,A:24:TYR,True,,,
A,146,ASP,A,149,THR,vdw_contact,A:146:ASP,A:149:THR,True,,,
A,33,ASP,A,36,ARG,vdw_contact,A:33:ASP,A:36:ARG,True,,,
A,111,VAL,A,199,THR,vdw_contact,A:111:VAL,A:199:THR,True,,,
A,97,LYS,A,98,GLU,vdw_contact,A:97:LYS,A:98:GLU,True,,,
A,61,ASP,A,62,GLU,vdw_contact,A:61:ASP,A:62:GLU,True,,,
A,63,LEU,A,64,VAL,vdw_contact,A:63:LEU,A:64:VAL,True,,,
A,23,LYS,A,24,TYR,vdw_contact,A:23:LYS,A:24:TYR,True,,,
A,139,PRO,A,140,PRO,vdw_contact,A:139:PRO,A:140:PRO,True,,,
A,156,ARG,A,158,ASP,vdw_contact,A:156:ARG,A:158:ASP,True,,,
A,171,TYR,A,175,THR,vdw_contact,A:171:TYR,A:175:THR,True,,,
A,161,GLU,A,163,THR,vdw_contact,A:161:GLU,A:163:THR,True,,,
A,31,THR,A,32,GLY,vdw_contact,A:31:THR,A:32:GLY,True,,,
A,71,ARG,A,76,ASP,vdw_contact,A:71:ARG,A:76:ASP,True,,,
A,186,ALA,A,191,THR,vdw_contact,A:186:ALA,A:191:THR,True,,,
A,32,GLY,A,33,ASP,vdw_contact,A:32:GLY,A:33:ASP,True,,,
A,105,TYR,A,106,VAL,vdw_contact,A:105:TYR,A:106:VAL,True,,,
A,160,GLN,A,163,THR,vdw_contact,A:160:GLN,A:163:THR,True,,,
A,76,ASP,A,77,CYS,vdw_contact,A:76:ASP,A:77:CYS,True,,,
A,213,LEU,A,214,GLY,vdw_contact,A:213:LEU,A:214:GLY,True,,,
A,71,ARG,A,77,CYS,vdw_contact,A:71:ARG,A:77:CYS,True,,,
A,211,LYS,A,213,LEU,vdw_contact,A:211:LYS,A:213:LEU,True,,,
A,140,PRO,A,142,VAL,vdw_contact,A:140:PRO,A:142:VAL,True,,,
A,114,GLU,A,165,ARG,vdw_contact,A:114:GLU,A:165:ARG,True,,,
A,26,ILE,A,79,ASN,vdw_contact,A:26:ILE,A:79:ASN,True,,,
A,61,ASP,A,64,VAL,vdw_contact,A:61:ASP,A:64:VAL,True,,,
A,161,GLU,A,165,ARG,vdw_contact,A:161:GLU,A:165:ARG,True,,,
A,46,GLY,A,47,LYS,vdw_contact,A:46:GLY,A:47:LYS,True,,,
A,30,SER,A,33,ASP,vdw_contact,A:30:SER,A:33:ASP,True,,,
A,88,ARG,A,92,GLN,vdw_contact,A:88:ARG,A:92:GLN,True,,,
A,166,LYS,A,170,GLU,vdw_contact,A:166:LYS,A:170:GLU,True,,,
A,168,LEU,A,171,TYR,vdw_contact,A:168:LEU,A:171:TYR,True,,,
A,144,GLY,A,152,GLU,vdw_contact,A:144:GLY,A:152:GLU,True,,,
A,82,LEU,A,84,ASP,vdw_contact,A:82:LEU,A:84:ASP,True,,,
A,120,ILE,A,121,VAL,vdw_contact,A:120:ILE,A:121:VAL,True,,,
A,127,ALA,A,128,PRO,vdw_contact,A:127:ALA,A:128:PRO,True,,,
A,54,ASP,A,55,ALA,vdw_contact,A:54:ASP,A:55:ALA,True,,,
A,158,ASP,A,163,THR,vdw_contact,A:158:ASP,A:163:THR,True,,,
A,87,PRO,A,93,ALA,vdw_contact,A:87:PRO,A:93:ALA,True,,,
A,126,HIS,A,151,GLU,vdw_contact,A:126:HIS,A:151:GLU,True,,,
A,181,TYR,A,93,ALA,vdw_contact,A:181:TYR,A:93:ALA,True,,,
A,50,LYS,A,51,ASP,vdw_contact,A:50:LYS,A:51:ASP,True,,,
A,157,LYS,A,158,ASP,vdw_contact,A:157:LYS,A:158:ASP,True,,,
A,52,ILE,A,59,VAL,vdw_contact,A:52:ILE,A:59:VAL,True,,,
A,100,GLY,A,101,ILE,vdw_contact,A:100:GLY,A:101:ILE,True,,,
A,86,PHE,A,87,PRO,vdw_contact,A:86:PHE,A:87:PRO,True,,,
A,201,PRO,A,202,VAL,vdw_contact,A:201:PRO,A:202:VAL,True,,,
A,109,PHE,A,196,VAL,vdw_contact,A:109:PHE,A:196:VAL,True,,,
A,181,TYR,A,97,LYS,vdw_contact,A:181:TYR,A:97:LYS,True,,,
A,144,GLY,A,153,LEU,vdw_contact,A:144:GLY,A:153:LEU,True,,,
A,107,LEU,A,108,GLU,vdw_contact,A:107:LEU,A:108:GLU,True,,,
A,197,ASP,A,200,LYS,vdw_contact,A:197:ASP,A:200:LYS,True,,,
A,156,ARG,A,159,ASP,vdw_contact,A:156:ARG,A:159:ASP,True,,,
A,111,VAL,A,116,ILE,vdw_contact,A:111:VAL,A:116:ILE,True,,,
A,16,GLN,A,19,PHE,vdw_contact,A:16:GLN,A:19:PHE,True,,,
A,101,ILE,A,102,ASN,vdw_contact,A:101:ILE,A:102:ASN,True,,,
A,26,ILE,A,27,PRO,vdw_contact,A:26:ILE,A:27:PRO,True,,,
A,131,ARG,A,146,ASP,vdw_contact,A:131:ARG,A:146:ASP,True,,,
A,209,LEU,A,210,GLU,vdw_contact,A:209:LEU,A:210:GLU,True,,,
A,172,HIS,A,173,GLN,vdw_contact,A:172:HIS,A:173:GLN,True,,,
A,73,ALA,A,74,GLN,vdw_contact,A:73:ALA,A:74:GLN,True,,,
A,137,PHE,A,139,PRO,vdw_contact,A:137:PHE,A:139:PRO,True,,,
A,179,ILE,A,180,GLY,vdw_contact,A:179:ILE,A:180:GLY,True,,,
A,31,THR,A,34,MET,vdw_contact,A:31:THR,A:34:MET,True,,,
A,115,LEU,A,116,ILE,vdw_contact,A:115:LEU,A:116:ILE,True,,,
A,110,ASP,A,111,VAL,vdw_contact,A:110:ASP,A:111:VAL,True,,,
A,105,TYR,A,3,ILE,vdw_contact,A:105:TYR,A:3:ILE,True,,,
A,43,SER,A,44,GLU,vdw_contact,A:43:SER,A:44:GLU,True,,,
A,93,ALA,A,97,LYS,vdw_contact,A:93:ALA,A:97:LYS,True,,,
A,10,GLY,A,11,ALA,vdw_contact,A:10:GLY,A:11:ALA,True,,,
A,104,ASP,A,2,ARG,vdw_contact,A:104:ASP,A:2:ARG,True,,,
A,10,GLY,A,12,GLY,vdw_contact,A:10:GLY,A:12:GLY,True,,,
A,152,GLU,A,153,LEU,vdw_contact,A:152:GLU,A:153:LEU,True,,,
A,178,LEU,A,181,TYR,vdw_contact,A:178:LEU,A:181:TYR,True,,,
A,181,TYR,A,182,TYR,vdw_contact,A:181:TYR,A:182:TYR,True,,,
A,12,GLY,A,301,GCP,vdw_contact,A:12:GLY,A:301:GCP,False,,,
A,39,VAL,A,42,GLY,vdw_contact,A:39:VAL,A:42:GLY,True,,,
A,188,ALA,A,189,GLY,vdw_contact,A:188:ALA,A:189:GLY,True,,,
A,117,VAL,A,118,ASP,vdw_contact,A:117:VAL,A:118:ASP,True,,,
A,194,ALA,A,195,LYS,vdw_contact,A:194:ALA,A:195:LYS,True,,,
A,65,ILE,A,69,LYS,vdw_contact,A:65:ILE,A:69:LYS,True,,,
A,177,PRO,A,180,GLY,vdw_contact,A:177:PRO,A:180:GLY,True,,,
A,170,GLU,A,173,GLN,vdw_contact,A:170:GLU,A:173:GLN,True,,,
A,13,LYS,A,14,GLY,vdw_contact,A:13:LYS,A:14:GLY,True,,,
A,45,LEU,A,67,LEU,vdw_contact,A:45:LEU,A:67:LEU,True,,,
A,116,ILE,A,118,ASP,vdw_contact,A:116:ILE,A:118:ASP,True,,,
A,27,PRO,A,82,LEU,vdw_contact,A:27:PRO,A:82:LEU,True,,,
A,107,LEU,A,4,ILE,vdw_contact,A:107:LEU,A:4:ILE,True,,,
A,81,PHE,A,83,LEU,vdw_contact,A:81:PHE,A:83:LEU,True,,,
A,124,ARG,A,125,VAL,vdw_contact,A:124:ARG,A:125:VAL,True,,,
A,15,THR,A,16,GLN,vdw_contact,A:15:THR,A:16:GLN,True,,,
A,52,ILE,A,53,MET,vdw_contact,A:52:ILE,A:53:MET,True,,,
A,135,VAL,A,139,PRO,vdw_contact,A:135:VAL,A:139:PRO,True,,,
A,94,ASP,A,95,ALA,vdw_contact,A:94:ASP,A:95:ALA,True,,,
A,20,ILE,A,21,MET,vdw_contact,A:20:ILE,A:21:MET,True,,,
A,125,VAL,A,126,HIS,vdw_contact,A:125:VAL,A:126:HIS,True,,,
A,118,ASP,A,120,ILE,vdw_contact,A:118:ASP,A:120:ILE,True,,,
A,182,TYR,A,87,PRO,vdw_contact,A:182:TYR,A:87:PRO,True,,,
A,125,VAL,A,156,ARG,vdw_contact,A:125:VAL,A:156:ARG,True,,,
A,178,LEU,A,182,TYR,vdw_contact,A:178:LEU,A:182:TYR,True,,,
A,60,THR,A,62,GLU,vdw_contact,A:60:THR,A:62:GLU,True,,,
A,138,ASN,A,139,PRO,vdw_contact,A:138:ASN,A:139:PRO,True,,,
A,68,VAL,A,69,LYS,vdw_contact,A:68:VAL,A:69:LYS,True,,,
A,171,TYR,A,8,ALA,vdw_contact,A:171:TYR,A:8:ALA,True,,,
A,174,MET,A,88,ARG,vdw_contact,A:174:MET,A:88:ARG,True,,,
A,205,VAL,A,206,ARG,vdw_contact,A:205:VAL,A:206:ARG,True,,,
A,177,PRO,A,90,ILE,vdw_contact,A:177:PRO,A:90:ILE,True,,,
A,21,MET,A,23,LYS,vdw_contact,A:21:MET,A:23:LYS,True,,,
A,133,TYR,A,134,HIS,vdw_contact,A:133:TYR,A:134:HIS,True,,,
A,167,ARG,A,169,VAL,vdw_contact,A:167:ARG,A:169:VAL,True,,,
A,122,GLY,A,135,VAL,vdw_contact,A:122:GLY,A:135:VAL,True,,,
A,50,LYS,A,54,ASP,vdw_contact,A:50:LYS,A:54:ASP,True,,,
A,148,VAL,A,149,THR,vdw_contact,A:148:VAL,A:149:THR,True,,,
A,75,GLU,A,76,ASP,vdw_contact,A:75:GLU,A:76:ASP,True,,,
A,100,GLY,A,97,LYS,vdw_contact,A:100:GLY,A:97:LYS,True,,,
A,202,VAL,A,206,ARG,vdw_contact,A:202:VAL,A:206:ARG,True,,,
A,45,LEU,A,46,GLY,vdw_contact,A:45:LEU,A:46:GLY,True,,,
A,201,PRO,A,205,VAL,vdw_contact,A:201:PRO,A:205:VAL,True,,,
A,119,ARG,A,134,HIS,vdw_contact,A:119:ARG,A:134:HIS,True,,,
A,126,HIS,A,127,ALA,vdw_contact,A:126:HIS,A:127:ALA,True,,,
A,175,THR,A,179,ILE,vdw_contact,A:175:THR,A:179:ILE,True,,,
A,168,LEU,A,169,VAL,vdw_contact,A:168:LEU,A:169:VAL,True,,,
A,45,LEU,A,48,GLN,vdw_contact,A:45:LEU,A:48:GLN,True,,,
A,92,GLN,A,93,ALA,vdw_contact,A:92:GLN,A:93:ALA,True,,,
A,200,LYS,A,201,PRO,vdw_contact,A:200:LYS,A:201:PRO,True,,,
A,98,GLU,A,99,ALA,vdw_contact,A:98:GLU,A:99:ALA,True,,,
A,29,ILE,A,71,ARG,vdw_contact,A:29:ILE,A:71:ARG,True,,,
A,135,VAL,A,136,LYS,vdw_contact,A:135:VAL,A:136:LYS,True,,,
A,181,TYR,A,90,ILE,vdw_contact,A:181:TYR,A:90:ILE,True,,,
A,106,VAL,A,107,LEU,vdw_contact,A:106:VAL,A:107:LEU,True,,,
A,61,ASP,A,92,GLN,vdw_contact,A:61:ASP,A:92:GLN,True,,,
A,182,TYR,A,186,ALA,vdw_contact,A:182:TYR,A:186:ALA,True,,,
A,169,VAL,A,171,TYR,vdw_contact,A:169:VAL,A:171:TYR,True,,,
A,176,ALA,A,177,PRO,vdw_contact,A:176:ALA,A:177:PRO,True,,,
A,30,SER,A,32,GLY,vdw_contact,A:30:SER,A:32:GLY,True,,,
A,144,GLY,A,145,LYS,vdw_contact,A:144:GLY,A:145:LYS,True,,,
A,77,CYS,A,78,ARG,vdw_contact,A:77:CYS,A:78:ARG,True,,,
A,145,LYS,A,151,GLU,vdw_contact,A:145:LYS,A:151:GLU,True,,,
A,126,HIS,A,131,ARG,vdw_contact,A:126:HIS,A:131:ARG,True,,,
A,52,ILE,A,57,LYS,vdw_contact,A:52:ILE,A:57:LYS,True,,,
A,40,LYS,A,41,SER,vdw_contact,A:40:LYS,A:41:SER,True,,,
A,107,LEU,A,109,PHE,vdw_contact,A:107:LEU,A:109:PHE,True,,,
A,33,ASP,A,35,LEU,vdw_contact,A:33:ASP,A:35:LEU,True,,,
A,71,ARG,A,73,ALA,vdw_contact,A:71:ARG,A:73:ALA,True,,,
A,3,ILE,A,81,PHE,vdw_contact,A:3:ILE,A:81:PHE,True,,,
A,27,PRO,A,71,ARG,vdw_contact,A:27:PRO,A:71:ARG,True,,,
A,84,ASP,A,86,PHE,vdw_contact,A:84:ASP,A:86:PHE,True,,,
A,104,ASP,A,1,MET,vdw_contact,A:104:ASP,A:1:MET,True,,,
A,78,ARG,A,79,ASN,vdw_contact,A:78:ARG,A:79:ASN,True,,,
A,47,LYS,A,49,ALA,vdw_contact,A:47:LYS,A:49:ALA,True,,,
A,159,ASP,A,160,GLN,vdw_contact,A:159:ASP,A:160:GLN,True,,,
A,164,VAL,A,165,ARG,vdw_contact,A:164:VAL,A:165:ARG,True,,,
A,18,GLN,A,19,PHE,vdw_contact,A:18:GLN,A:19:PHE,True,,,
A,113,ASP,A,116,ILE,vdw_contact,A:113:ASP,A:116:ILE,True,,,
A,77,CYS,A,80,GLY,vdw_contact,A:77:CYS,A:80:GLY,True,,,
A,158,ASP,A,159,ASP,vdw_contact,A:158:ASP,A:159:ASP,True,,,
A,123,ARG,A,124,ARG,vdw_contact,A:123:ARG,A:124:ARG,True,,,
A,38,ALA,A,42,GLY,vdw_contact,A:38:ALA,A:42:GLY,True,,,
A,203,ALA,A,204,GLU,vdw_contact,A:203:ALA,A:204:GLU,True,,,
A,131,ARG,A,132,VAL,vdw_contact,A:131:ARG,A:132:VAL,True,,,
A,183,SER,A,186,ALA,vdw_contact,A:183:SER,A:186:ALA,True,,,
A,65,ILE,A,66,ALA,vdw_contact,A:65:ILE,A:66:ALA,True,,,
A,140,PRO,A,145,LYS,vdw_contact,A:140:PRO,A:145:LYS,True,,,
A,92,GLN,A,95,ALA,vdw_contact,A:92:GLN,A:95:ALA,True,,,
A,167,ARG,A,168,LEU,vdw_contact,A:167:ARG,A:168:LEU,True,,,
A,109,PHE,A,198,GLY,vdw_contact,A:109:PHE,A:198:GLY,True,,,
A,103,VAL,A,104,ASP,vdw_contact,A:103:VAL,A:104:ASP,True,,,
A,67,LEU,A,68,VAL,vdw_contact,A:67:LEU,A:68:VAL,True,,,
A,72,ILE,A,73,ALA,vdw_contact,A:72:ILE,A:73:ALA,True,,,
A,36,ARG,A,37,ALA,vdw_contact,A:36:ARG,A:37:ALA,True,,,
A,87,PRO,A,96,MET,vdw_contact,A:87:PRO,A:96:MET,True,,,
A,147,ASP,A,148,VAL,vdw_contact,A:147:ASP,A:148:VAL,True,,,
A,3,ILE,A,4,ILE,vdw_contact,A:3:ILE,A:4:ILE,True,,,
A,136,LYS,A,138,ASN,vdw_contact,A:136:LYS,A:138:ASN,True,,,
A,133,TYR,A,140,PRO,vdw_contact,A:133:TYR,A:140:PRO,True,,,
A,65,ILE,A,68,VAL,vdw_contact,A:65:ILE,A:68:VAL,True,,,
A,27,PRO,A,76,ASP,vdw_contact,A:27:PRO,A:76:ASP,True,,,
A,180,GLY,A,182,TYR,vdw_contact,A:180:GLY,A:182:TYR,True,,,
A,165,ARG,A,168,LEU,vdw_contact,A:165:ARG,A:168:LEU,True,,,
A,111,VAL,A,113,ASP,vdw_contact,A:111:VAL,A:113:ASP,True,,,
A,81,PHE,A,82,LEU,vdw_contact,A:81:PHE,A:82:LEU,True,,,
A,208,ASP,A,211,LYS,vdw_contact,A:208:ASP,A:211:LYS,True,,,
A,64,VAL,A,68,VAL,vdw_contact,A:64:VAL,A:68:VAL,True,,,
A,146,ASP,A,153,LEU,vdw_contact,A:146:ASP,A:153:LEU,True,,,
A,164,VAL,A,168,LEU,vdw_contact,A:164:VAL,A:168:LEU,True,,,
A,190,ASN,A,191,THR,vdw_contact,A:190:ASN,A:191:THR,True,,,
A,88,ARG,A,89,THR,vdw_contact,A:88:ARG,A:89:THR,True,,,
A,74,GLN,A,77,CYS,vdw_contact,A:74:GLN,A:77:CYS,True,,,
A,120,ILE,A,164,VAL,vdw_contact,A:120:ILE,A:164:VAL,True,,,
A,89,THR,A,91,PRO,vdw_contact,A:89:THR,A:91:PRO,True,,,
A,180,GLY,A,183,SER,vdw_contact,A:180:GLY,A:183:SER,True,,,
A,35,LEU,A,39,VAL,vdw_contact,A:35:LEU,A:39:VAL,True,,,
A,146,ASP,A,150,GLY,vdw_contact,A:146:ASP,A:150:GLY,True,,,
A,126,HIS,A,129,SER,vdw_contact,A:126:HIS,A:129:SER,True,,,
A,178,LEU,A,87,PRO,vdw_contact,A:178:LEU,A:87:PRO,True,,,
A,28,GLN,A,29,ILE,vdw_contact,A:28:GLN,A:29:ILE,True,,,
A,14,GLY,A,302,MG,vdw_contact,A:14:GLY,A:302:MG,False,,,
A,90,ILE,A,93,ALA,vdw_contact,A:90:ILE,A:93:ALA,True,,,
A,117,VAL,A,121,VAL,vdw_contact,A:117:VAL,A:121:VAL,True,,,
A,109,PHE,A,13,LYS,vdw_contact,A:109:PHE,A:13:LYS,True,,,
A,38,ALA,A,39,VAL,vdw_contact,A:38:ALA,A:39:VAL,True,,,
A,5,LEU,A,6,LEU,vdw_contact,A:5:LEU,A:6:LEU,True,,,
A,203,ALA,A,206,ARG,vdw_contact,A:203:ALA,A:206:ARG,True,,,
A,109,PHE,A,11,ALA,vdw_contact,A:109:PHE,A:11:ALA,True,,,
A,48,GLN,A,63,LEU,vdw_contact,A:48:GLN,A:63:LEU,True,,,
A,117,VAL,A,165,ARG,vdw_contact,A:117:VAL,A:165:ARG,True,,,
A,37,ALA,A,40,LYS,vdw_contact,A:37:ALA,A:40:LYS,True,,,
A,49,ALA,A,50,LYS,vdw_contact,A:49:ALA,A:50:LYS,True,,,
A,20,ILE,A,24,TYR,vdw_contact,A:20:ILE,A:24:TYR,True,,,
A,150,GLY,A,152,GLU,vdw_contact,A:150:GLY,A:152:GLU,True,,,
A,101,ILE,A,96,MET,vdw_contact,A:101:ILE,A:96:MET,True,,,
A,156,ARG,A,157,LYS,vdw_contact,A:156:ARG,A:157:LYS,True,,,
A,1,MET,A,79,ASN,vdw_contact,A:1:MET,A:79:ASN,True,,,
A,108,GLU,A,194,ALA,vdw_contact,A:108:GLU,A:194:ALA,True,,,
A,128,PRO,A,129,SER,vdw_contact,A:128:PRO,A:129:SER,True,,,
A,163,THR,A,164,VAL,vdw_contact,A:163:THR,A:164:VAL,True,,,
A,118,ASP,A,137,PHE,vdw_contact,A:118:ASP,A:137:PHE,True,,,
A,83,LEU,A,86,PHE,vdw_contact,A:83:LEU,A:86:PHE,True,,,
A,25,GLY,A,26,ILE,vdw_contact,A:25:GLY,A:26:ILE,True,,,
A,93,ALA,A,96,MET,vdw_contact,A:93:ALA,A:96:MET,True,,,
A,102,ASN,A,103,VAL,vdw_contact,A:102:ASN,A:103:VAL,True,,,
A,6,LEU,A,87,PRO,vdw_contact,A:6:LEU,A:87:PRO,True,,,
A,39,VAL,A,50,LYS,vdw_contact,A:39:VAL,A:50:LYS,True,,,
A,143,GLU,A,144,GLY,vdw_contact,A:143:GLU,A:144:GLY,True,,,
A,41,SER,A,43,SER,vdw_contact,A:41:SER,A:43:SER,True,,,
A,26,ILE,A,81,PHE,vdw_contact,A:26:ILE,A:81:PHE,True,,,
A,125,VAL,A,153,LEU,vdw_contact,A:125:VAL,A:153:LEU,True,,,
A,110,ASP,A,196,VAL,vdw_contact,A:110:ASP,A:196:VAL,True,,,
A,188,ALA,A,190,ASN,vdw_contact,A:188:ALA,A:190:ASN,True,,,
A,102,ASN,A,190,ASN,vdw_contact,A:102:ASN,A:190:ASN,True,,,
A,160,GLN,A,161,GLU,vdw_contact,A:160:GLN,A:161:GLU,True,,,
A,29,ILE,A,34,MET,vdw_contact,A:29:ILE,A:34:MET,True,,,
A,32,GLY,A,36,ARG,vdw_contact,A:32:GLY,A:36:ARG,True,,,
A,169,VAL,A,173,GLN,vdw_contact,A:169:VAL,A:173:GLN,True,,,
A,200,LYS,A,205,VAL,vdw_contact,A:200:LYS,A:205:VAL,True,,,
A,17,ALA,A,82,LEU,vdw_contact,A:17:ALA,A:82:LEU,True,,,
A,43,SER,A,47,LYS,vdw_contact,A:43:SER,A:47:LYS,True,,,
A,204,GLU,A,205,VAL,vdw_contact,A:204:GLU,A:205:VAL,True,,,
A,124,ARG,A,155,THR,vdw_contact,A:124:ARG,A:155:THR,True,,,
A,96,MET,A,98,GLU,vdw_contact,A:96:MET,A:98:GLU,True,,,
A,201,PRO,A,204,GLU,vdw_contact,A:201:PRO,A:204:GLU,True,,,
A,48,GLN,A,52,ILE,vdw_contact,A:48:GLN,A:52:ILE,True,,,
A,82,LEU,A,83,LEU,vdw_contact,A:82:LEU,A:83:LEU,True,,,
A,4,ILE,A,5,LEU,vdw_contact,A:4:ILE,A:5:LEU,True,,,
A,173,GLN,A,175,THR,vdw_contact,A:173:GLN,A:175:THR,True,,,
A,189,GLY,A,190,ASN,vdw_contact,A:189:GLY,A:190:ASN,True,,,
A,204,GLU,A,207,ALA,vdw_contact,A:204:GLU,A:207:ALA,True,,,
A,6,LEU,A,7,GLY,vdw_contact,A:6:LEU,A:7:GLY,True,,,
A,60,THR,A,64,VAL,vdw_contact,A:60:THR,A:64:VAL,True,,,
A,87,PRO,A,92,GLN,vdw_contact,A:87:PRO,A:92:GLN,True,,,
A,109,PHE,A,7,GLY,vdw_contact,A:109:PHE,A:7:GLY,True,,,
A,129,SER,A,130,GLY,vdw_contact,A:129:SER,A:130:GLY,True,,,
A,55,ALA,A,57,LYS,vdw_contact,A:55:ALA,A:57:LYS,True,,,
A,210,GLU,A,214,GLY,vdw_contact,A:210:GLU,A:214:GLY,True,,,
A,124,ARG,A,135,VAL,vdw_contact,A:124:ARG,A:135:VAL,True,,,
A,14,GLY,A,17,ALA,vdw_contact,A:14:GLY,A:17:ALA,True,,,
A,134,HIS,A,135,VAL,vdw_contact,A:134:HIS,A:135:VAL,True,,,
A,69,LYS,A,70,GLU,vdw_contact,A:69:LYS,A:70:GLU,True,,,
A,181,TYR,A,185,GLU,vdw_contact,A:181:TYR,A:185:GLU,True,,,
A,65,ILE,A,86,PHE,vdw_contact,A:65:ILE,A:86:PHE,True,,,
A,7,GLY,A,8,ALA,vdw_contact,A:7:GLY,A:8:ALA,True,,,
A,1,MET,A,2,ARG,vdw_contact,A:1:MET,A:2:ARG,True,,,
A,19,PHE,A,206,ARG,vdw_contact,A:19:PHE,A:206:ARG,True,,,
A,133,TYR,A,146,ASP,vdw_contact,A:133:TYR,A:146:ASP,True,,,
A,2,ARG,A,80,GLY,vdw_contact,A:2:ARG,A:80:GLY,True,,,
A,192,LYS,A,193,TYR,vdw_contact,A:192:LYS,A:193:TYR,True,,,
A,56,GLY,A,57,LYS,vdw_contact,A:56:GLY,A:57:LYS,True,,,
A,4,ILE,A,87,PRO,vdw_contact,A:4:ILE,A:87:PRO,True,,,
A,37,ALA,A,41,SER,vdw_contact,A:37:ALA,A:41:SER,True,,,
A,58,LEU,A,59,VAL,vdw_contact,A:58:LEU,A:59:VAL,True,,,
A,66,ALA,A,67,LEU,vdw_contact,A:66:ALA,A:67:LEU,True,,,
A,120,ILE,A,123,ARG,vdw_contact,A:120:ILE,A:123:ARG,True,,,
A,134,HIS,A,139,PRO,vdw_contact,A:134:HIS,A:139:PRO,True,,,
A,112,PRO,A,116,ILE,vdw_contact,A:112:PRO,A:116:ILE,True,,,
A,95,ALA,A,97,LYS,vdw_contact,A:95:ALA,A:97:LYS,True,,,
A,182,TYR,A,93,ALA,vdw_contact,A:182:TYR,A:93:ALA,True,,,
A,136,LYS,A,137,PHE,vdw_contact,A:136:LYS,A:137:PHE,True,,,
A,3,ILE,A,83,LEU,vdw_contact,A:3:ILE,A:83:LEU,True,,,
A,33,ASP,A,34,MET,vdw_contact,A:33:ASP,A:34:MET,True,,,
A,165,ARG,A,167,ARG,vdw_contact,A:165:ARG,A:167:ARG,True,,,
A,47,LYS,A,51,ASP,vdw_contact,A:47:LYS,A:51:ASP,True,,,
A,167,ARG,A,301,GCP,vdw_contact,A:167:ARG,A:301:GCP,False,,,
A,301,GCP,A,9,PRO,vdw_contact,A:301:GCP,A:9:PRO,False,,,
A,171,TYR,A,173,GLN,vdw_contact,A:171:TYR,A:173:GLN,True,,,
A,27,PRO,A,29,ILE,vdw_contact,A:27:PRO,A:29:ILE,True,,,
A,17,ALA,A,21,MET,vdw_contact,A:17:ALA,A:21:MET,True,,,
A,106,VAL,A,4,ILE,vdw_contact,A:106:VAL,A:4:ILE,True,,,
A,67,LEU,A,70,GLU,vdw_contact,A:67:LEU,A:70:GLU,True,,,
A,187,GLU,A,189,GLY,vdw_contact,A:187:GLU,A:189:GLY,True,,,
A,29,ILE,A,84,ASP,vdw_contact,A:29:ILE,A:84:ASP,True,,,
A,161,GLU,A,162,GLU,vdw_contact,A:161:GLU,A:162:GLU,True,,,
A,90,ILE,A,91,PRO,vdw_contact,A:90:ILE,A:91:PRO,True,,,
A,101,ILE,A,2,ARG,vdw_contact,A:101:ILE,A:2:ARG,True,,,
A,115,LEU,A,119,ARG,vdw_contact,A:115:LEU,A:119:ARG,True,,,
A,197,ASP,A,198,GLY,vdw_contact,A:197:ASP,A:198:GLY,True,,,
A,160,GLN,A,162,GLU,vdw_contact,A:160:GLN,A:162:GLU,True,,,
A,17,ALA,A,28,GLN,vdw_contact,A:17:ALA,A:28:GLN,True,,,
A,89,THR,A,92,GLN,vdw_contact,A:89:THR,A:92:GLN,True,,,
A,140,PRO,A,141,LYS,vdw_contact,A:140:PRO,A:141:LYS,True,,,
A,207,ALA,A,208,ASP,vdw_contact,A:207:ALA,A:208:ASP,True,,,
A,212,ILE,A,213,LEU,vdw_contact,A:212:ILE,A:213:LEU,True,,,
A,196,VAL,A,205,VAL,vdw_contact,A:196:VAL,A:205:VAL,True,,,
A,49,ALA,A,53,MET,vdw_contact,A:49:ALA,A:53:MET,True,,,
A,39,VAL,A,46,GLY,vdw_contact,A:39:VAL,A:46:GLY,True,,,
A,49,ALA,A,63,LEU,vdw_contact,A:49:ALA,A:63:LEU,True,,,
A,141,LYS,A,143,GLU,vdw_contact,A:141:LYS,A:143:GLU,True,,,
A,103,VAL,A,2,ARG,vdw_contact,A:103:VAL,A:2:ARG,True,,,
A,74,GLN,A,76,ASP,vdw_contact,A:74:GLN,A:76:ASP,True,,,
A,76,ASP,A,78,ARG,vdw_contact,A:76:ASP,A:78:ARG,True,,,
A,178,LEU,A,90,ILE,vdw_contact,A:178:LEU,A:90:ILE,True,,,
A,52,ILE,A,58,LEU,vdw_contact,A:52:ILE,A:58:LEU,True,,,
A,30,SER,A,34,MET,vdw_contact,A:30:SER,A:34:MET,True,,,
A,17,ALA,A,18,GLN,vdw_contact,A:17:ALA,A:18:GLN,True,,,
A,159,ASP,A,164,VAL,vdw_contact,A:159:ASP,A:164:VAL,True,,,
A,57,LYS,A,58,LEU,vdw_contact,A:57:LYS,A:58:LEU,True,,,
A,157,LYS,A,159,ASP,vdw_contact,A:157:LYS,A:159:ASP,True,,,
A,133,TYR,A,153,LEU,vdw_contact,A:133:TYR,A:153:LEU,True,,,
A,65,ILE,A,96,MET,vdw_contact,A:65:ILE,A:96:MET,True,,,
A,63,LEU,A,65,ILE,vdw_contact,A:63:LEU,A:65:ILE,True,,,
A,35,LEU,A,67,LEU,vdw_contact,A:35:LEU,A:67:LEU,True,,,
A,24,TYR,A,26,ILE,vdw_contact,A:24:TYR,A:26:ILE,True,,,
A,177,PRO,A,179,ILE,vdw_contact,A:177:PRO,A:179:ILE,True,,,
A,45,LEU,A,66,ALA,vdw_contact,A:45:LEU,A:66:ALA,True,,,
A,32,GLY,A,35,LEU,vdw_contact,A:32:GLY,A:35:LEU,True,,,
A,126,HIS,A,153,LEU,vdw_contact,A:126:HIS,A:153:LEU,True,,,
A,162,GLU,A,166,LYS,vdw_contact,A:162:GLU,A:166:LYS,True,,,
A,169,VAL,A,172,HIS,vdw_contact,A:169:VAL,A:172:HIS,True,,,
A,44,GLU,A,45,LEU,vdw_contact,A:44:GLU,A:45:LEU,True,,,
A,108,GLU,A,110,ASP,vdw_contact,A:108:GLU,A:110:ASP,True,,,
A,145,LYS,A,147,ASP,vdw_contact,A:145:LYS,A:147:ASP,True,,,
A,125,VAL,A,154,THR,vdw_contact,A:125:VAL,A:154:THR,True,,,
A,51,ASP,A,52,ILE,vdw_contact,A:51:ASP,A:52:ILE,True,,,
A,207,ALA,A,211,LYS,vdw_contact,A:207:ALA,A:211:LYS,True,,,
A,190,ASN,A,97,LYS,vdw_contact,A:190:ASN,A:97:LYS,True,,,
A,117,VAL,A,119,ARG,vdw_contact,A:117:VAL,A:119:ARG,True,,,
A,177,PRO,A,181,TYR,vdw_contact,A:177:PRO,A:181:TYR,True,,,
A,126,HIS,A,146,ASP,vdw_contact,A:126:HIS,A:146:ASP,True,,,
A,119,ARG,A,15,THR,vdw_contact,A:119:ARG,A:15:THR,True,,,
A,133,TYR,A,147,ASP,vdw_contact,A:133:TYR,A:147:ASP,True,,,
A,105,TYR,A,213,LEU,vdw_contact,A:105:TYR,A:213:LEU,True,,,
A,185,GLU,A,188,ALA,vdw_contact,A:185:GLU,A:188:ALA,True,,,
A,52,ILE,A,54,ASP,vdw_contact,A:52:ILE,A:54:ASP,True,,,
A,50,LYS,A,53,MET,vdw_contact,A:50:LYS,A:53:MET,True,,,
A,124,ARG,A,132,VAL,vdw_contact,A:124:ARG,A:132:VAL,True,,,
A,19,PHE,A,22,GLU,vdw_contact,A:19:PHE,A:22:GLU,True,,,
A,182,TYR,A,183,SER,vdw_contact,A:182:TYR,A:183:SER,True,,,
A,106,VAL,A,192,LYS,vdw_contact,A:106:VAL,A:192:LYS,True,,,
A,14,GLY,A,15,THR,vdw_contact,A:14:GLY,A:15:THR,True,,,
A,175,THR,A,178,LEU,vdw_contact,A:175:THR,A:178:LEU,True,,,
A,45,LEU,A,47,LYS,vdw_contact,A:45:LEU,A:47:LYS,True,,,
A,39,VAL,A,53,MET,vdw_contact,A:39:VAL,A:53:MET,True,,,
A,167,ARG,A,171,TYR,vdw_contact,A:167:ARG,A:171:TYR,True,,,
A,86,PHE,A,92,GLN,vdw_contact,A:86:PHE,A:92:GLN,True,,,
A,182,TYR,A,185,GLU,vdw_contact,A:182:TYR,A:185:GLU,True,,,
A,169,VAL,A,170,GLU,vdw_contact,A:169:VAL,A:170:GLU,True,,,
A,72,ILE,A,77,CYS,vdw_contact,A:72:ILE,A:77:CYS,True,,,
A,141,LYS,A,142,VAL,vdw_contact,A:141:LYS,A:142:VAL,True,,,
A,175,THR,A,176,ALA,vdw_contact,A:175:THR,A:176:ALA,True,,,
A,206,ARG,A,207,ALA,vdw_contact,A:206:ARG,A:207:ALA,True,,,
A,112,PRO,A,113,ASP,vdw_contact,A:112:PRO,A:113:ASP,True,,,
A,62,GLU,A,64,VAL,vdw_contact,A:62:GLU,A:64:VAL,True,,,
A,162,GLU,A,165,ARG,vdw_contact,A:162:GLU,A:165:ARG,True,,,
A,177,PRO,A,178,LEU,vdw_contact,A:177:PRO,A:178:LEU,True,,,
A,108,GLU,A,179,ILE,vdw_contact,A:108:GLU,A:179:ILE,True,,,
A,142,VAL,A,144,GLY,vdw_contact,A:142:VAL,A:144:GLY,True,,,
A,113,ASP,A,115,LEU,vdw_contact,A:113:ASP,A:115:LEU,True,,,
A,151,GLU,A,152,GLU,vdw_contact,A:151:GLU,A:152:GLU,True,,,
A,31,THR,A,88,ARG,vdw_contact,A:31:THR,A:88:ARG,True,,,
A,178,LEU,A,180,GLY,vdw_contact,A:178:LEU,A:180:GLY,True,,,
A,10,GLY,A,8,ALA,vdw_contact,A:10:GLY,A:8:ALA,True,,,
A,12,GLY,A,13,LYS,vdw_contact,A:12:GLY,A:13:LYS,True,,,
A,16,GLN,A,205,VAL,vdw_contact,A:16:GLN,A:205:VAL,True,,,
A,114,GLU,A,117,VAL,vdw_contact,A:114:GLU,A:117:VAL,True,,,
A,20,ILE,A,26,ILE,vdw_contact,A:20:ILE,A:26:ILE,True,,,
A,20,ILE,A,82,LEU,vdw_contact,A:20:ILE,A:82:LEU,True,,,
A,21,MET,A,28,GLN,vdw_contact,A:21:MET,A:28:GLN,True,,,
A,208,ASP,A,210,GLU,vdw_contact,A:208:ASP,A:210:GLU,True,,,
A,64,VAL,A,67,LEU,vdw_contact,A:64:VAL,A:67:LEU,True,,,
A,13,LYS,A,7,GLY,vdw_contact,A:13:LYS,A:7:GLY,True,,,
A,66,ALA,A,69,LYS,vdw_contact,A:66:ALA,A:69:LYS,True,,,
A,163,THR,A,167,ARG,vdw_contact,A:163:THR,A:167:ARG,True,,,
A,28,GLN,A,82,LEU,vdw_contact,A:28:GLN,A:82:LEU,True,,,
A,146,ASP,A,148,VAL,vdw_contact,A:146:ASP,A:148:VAL,True,,,
A,35,LEU,A,38,ALA,vdw_contact,A:35:LEU,A:38:ALA,True,,,
A,165,ARG,A,169,VAL,vdw_contact,A:165:ARG,A:169:VAL,True,,,
A,119,ARG,A,120,ILE,vdw_contact,A:119:ARG,A:120:ILE,True,,,
A,12,GLY,A,15,THR,vdw_contact,A:12:GLY,A:15:THR,True,,,
A,10,GLY,A,301,GCP,vdw_contact,A:10:GLY,A:301:GCP,False,,,
A,125,VAL,A,127,ALA,vdw_contact,A:125:VAL,A:127:ALA,True,,,
A,90,ILE,A,92,GLN,vdw_contact,A:90:ILE,A:92:GLN,True,,,
A,22,GLU,A,23,LYS,vdw_contact,A:22:GLU,A:23:LYS,True,,,
A,53,MET,A,55,ALA,vdw_contact,A:53:MET,A:55:ALA,True,,,
A,29,ILE,A,30,SER,vdw_contact,A:29:ILE,A:30:SER,True,,,
A,123,ARG,A,134,HIS,vdw_contact,A:123:ARG,A:134:HIS,True,,,
A,211,LYS,A,212,ILE,vdw_contact,A:211:LYS,A:212:ILE,True,,,
A,145,LYS,A,150,GLY,vdw_contact,A:145:LYS,A:150:GLY,True,,,
A,118,ASP,A,122,GLY,vdw_contact,A:118:ASP,A:122:GLY,True,,,
A,150,GLY,A,151,GLU,vdw_contact,A:150:GLY,A:151:GLU,True,,,
A,160,GLN,A,164,VAL,vdw_contact,A:160:GLN,A:164:VAL,True,,,
A,149,THR,A,150,GLY,vdw_contact,A:149:THR,A:150:GLY,True,,,
A,121,VAL,A,122,GLY,vdw_contact,A:121:VAL,A:122:GLY,True,,,
A,46,GLY,A,48,GLN,vdw_contact,A:46:GLY,A:48:GLN,True,,,
A,197,ASP,A,199,THR,vdw_contact,A:197:ASP,A:199:THR,True,,,
A,108,GLU,A,109,PHE,vdw_contact,A:108:GLU,A:109:PHE,True,,,
A,34,MET,A,35,LEU,vdw_contact,A:34:MET,A:35:LEU,True,,,
A,143,GLU,A,145,LYS,vdw_contact,A:143:GLU,A:145:LYS,True,,,
A,48,GLN,A,49,ALA,vdw_contact,A:48:GLN,A:49:ALA,True,,,
A,105,TYR,A,2,ARG,vdw_contact,A:105:TYR,A:2:ARG,True,,,
A,31,THR,A,35,LEU,vdw_contact,A:31:THR,A:35:LEU,True,,,
A,11,ALA,A,13,LYS,vdw_contact,A:11:ALA,A:13:LYS,True,,,
A,164,VAL,A,167,ARG,vdw_contact,A:164:VAL,A:167:ARG,True,,,
A,93,ALA,A,95,ALA,vdw_contact,A:93:ALA,A:95:ALA,True,,,
A,96,MET,A,97,LYS,vdw_contact,A:96:MET,A:97:LYS,True,,,
A,60,THR,A,61,ASP,vdw_contact,A:60:THR,A:61:ASP,True,,,
A,59,VAL,A,61,ASP,vdw_contact,A:59:VAL,A:61:ASP,True,,,
A,145,LYS,A,146,ASP,vdw_contact,A:145:LYS,A:146:ASP,True,,,
A,131,ARG,A,133,TYR,vdw_contact,A:131:ARG,A:133:TYR,True,,,
A,34,MET,A,68,VAL,vdw_contact,A:34:MET,A:68:VAL,True,,,
A,75,GLU,A,77,CYS,vdw_contact,A:75:GLU,A:77:CYS,True,,,
A,29,ILE,A,83,LEU,vdw_contact,A:29:ILE,A:83:LEU,True,,,
A,186,ALA,A,193,TYR,vdw_contact,A:186:ALA,A:193:TYR,True,,,
A,16,GLN,A,17,ALA,vdw_contact,A:16:GLN,A:17:ALA,True,,,
A,185,GLU,A,97,LYS,vdw_contact,A:185:GLU,A:97:LYS,True,,,
A,181,TYR,A,184,LYS,vdw_contact,A:181:TYR,A:184:LYS,True,,,
A,91,PRO,A,93,ALA,vdw_contact,A:91:PRO,A:93:ALA,True,,,
A,123,ARG,A,301,GCP,vdw_contact,A:123:ARG,A:301:GCP,False,,,
A,134,HIS,A,136,LYS,vdw_contact,A:134:HIS,A:136:LYS,True,,,
A,179,ILE,A,193,TYR,vdw_contact,A:179:ILE,A:193:TYR,True,,,
A,39,VAL,A,40,LYS,vdw_contact,A:39:VAL,A:40:LYS,True,,,
A,91,PRO,A,95,ALA,vdw_contact,A:91:PRO,A:95:ALA,True,,,
A,176,ALA,A,179,ILE,vdw_contact,A:176:ALA,A:179:ILE,True,,,
A,184,LYS,A,185,GLU,vdw_contact,A:184:LYS,A:185:GLU,True,,,
A,117,VAL,A,161,GLU,vdw_contact,A:117:VAL,A:161:GLU,True,,,
A,130,GLY,A,131,ARG,vdw_contact,A:130:GLY,A:131:ARG,True,,,
A,2,ARG,A,81,PHE,vdw_contact,A:2:ARG,A:81:PHE,True,,,
A,105,TYR,A,1,MET,vdw_contact,A:105:TYR,A:1:MET,True,,,
A,47,LYS,A,50,LYS,vdw_contact,A:47:LYS,A:50:LYS,True,,,
A,58,LEU,A,60,THR,vdw_contact,A:58:LEU,A:60:THR,True,,,
A,106,VAL,A,6,LEU,vdw_contact,A:106:VAL,A:6:LEU,True,,,
A,194,ALA,A,212,ILE,vdw_contact,A:194:ALA,A:212:ILE,True,,,
A,67,LEU,A,69,LYS,vdw_contact,A:67:LEU,A:69:LYS,True,,,
A,209,LEU,A,212,ILE,vdw_contact,A:209:LEU,A:212:ILE,True,,,
A,152,GLU,A,154,THR,vdw_contact,A:152:GLU,A:154:THR,True,,,
A,86,PHE,A,88,ARG,vdw_contact,A:86:PHE,A:88:ARG,True,,,
A,49,ALA,A,52,ILE,vdw_contact,A:49:ALA,A:52:ILE,True,,,
A,117,VAL,A,120,ILE,vdw_contact,A:117:VAL,A:120:ILE,True,,,
A,116,ILE,A,120,ILE,vdw_contact,A:116:ILE,A:120:ILE,True,,,
A,70,GLU,A,71,ARG,vdw_contact,A:70:GLU,A:71:ARG,True,,,
A,37,ALA,A,39,VAL,vdw_contact,A:37:ALA,A:39:VAL,True,,,
A,205,VAL,A,208,ASP,vdw_contact,A:205:VAL,A:208:ASP,True,,,
A,19,PHE,A,23,LYS,vdw_contact,A:19:PHE,A:23:LYS,True,,,
A,109,PHE,A,6,LEU,vdw_contact,A:109:PHE,A:6:LEU,True,,,
A,205,VAL,A,209,LEU,vdw_contact,A:205:VAL,A:209:LEU,True,,,
A,100,GLY,A,99,ALA,vdw_contact,A:100:GLY,A:99:ALA,True,,,
A,128,PRO,A,130,GLY,vdw_contact,A:128:PRO,A:130:GLY,True,,,
A,57,LYS,A,59,VAL,vdw_contact,A:57:LYS,A:59:VAL,True,,,
A,24,TYR,A,25,GLY,vdw_contact,A:24:TYR,A:25:GLY,True,,,
A,113,ASP,A,172,HIS,vdw_contact,A:113:ASP,A:172:HIS,True,,,
A,32,GLY,A,34,MET,vdw_contact,A:32:GLY,A:34:MET,True,,,
A,29,ILE,A,81,PHE,vdw_contact,A:29:ILE,A:81:PHE,True,,,
A,207,ALA,A,210,GLU,vdw_contact,A:207:ALA,A:210:GLU,True,,,
A,185,GLU,A,186,ALA,vdw_contact,A:185:GLU,A:186:ALA,True,,,
A,78,ARG,A,80,GLY,vdw_contact,A:78:ARG,A:80:GLY,True,,,
A,116,ILE,A,168,LEU,vdw_contact,A:116:ILE,A:168:LEU,True,,,
A,124,ARG,A,131,ARG,vdw_contact,A:124:ARG,A:131:ARG,True,,,
A,26,ILE,A,82,LEU,vdw_contact,A:26:ILE,A:82:LEU,True,,,
A,134,HIS,A,138,ASN,vdw_contact,A:134:HIS,A:138:ASN,True,,,
A,195,LYS,A,196,VAL,vdw_contact,A:195:LYS,A:196:VAL,True,,,
A,48,GLN,A,51,ASP,vdw_contact,A:48:GLN,A:51:ASP,True,,,
A,170,GLU,A,174,MET,vdw_contact,A:170:GLU,A:174:MET,True,,,
A,35,LEU,A,36,ARG,vdw_contact,A:35:LEU,A:36:ARG,True,,,
A,179,ILE,A,183,SER,vdw_contact,A:179:ILE,A:183:SER,True,,,
A,18,GLN,A,21,MET,vdw_contact,A:18:GLN,A:21:MET,True,,,
A,13,LYS,A,301,GCP,vdw_contact,A:13:LYS,A:301:GCP,False,,,
A,97,LYS,A,99,ALA,vdw_contact,A:97:LYS,A:99:ALA,True,,,
A,202,VAL,A,205,VAL,vdw_contact,A:202:VAL,A:205:VAL,True,,,
A,171,TYR,A,7,GLY,vdw_contact,A:171:TYR,A:7:GLY,True,,,
A,203,ALA,A,207,ALA,vdw_contact,A:203:ALA,A:207:ALA,True,,,
A,182,TYR,A,184,LYS,vdw_contact,A:182:TYR,A:184:LYS,True,,,
A,210,GLU,A,213,LEU,vdw_contact,A:210:GLU,A:213:LEU,True,,,
A,113,ASP,A,114,GLU,vdw_contact,A:113:ASP,A:114:GLU,True,,,
A,108,GLU,A,193,TYR,vdw_contact,A:108:GLU,A:193:TYR,True,,,
A,41,SER,A,42,GLY,vdw_contact,A:41:SER,A:42:GLY,True,,,
A,122,GLY,A,123,ARG,vdw_contact,A:122:GLY,A:123:ARG,True,,,
A,91,PRO,A,92,GLN,vdw_contact,A:91:PRO,A:92:GLN,True,,,
A,1,MET,A,3,ILE,vdw_contact,A:1:MET,A:3:ILE,True,,,
A,108,GLU,A,195,LYS,vdw_contact,A:108:GLU,A:195:LYS,True,,,
A,101,ILE,A,72,ILE,vdw_contact,A:101:ILE,A:72:ILE,True,,,
A,21,MET,A,27,PRO,vdw_contact,A:21:MET,A:27:PRO,True,,,
A,18,GLN,A,20,ILE,vdw_contact,A:18:GLN,A:20:ILE,True,,,
A,171,TYR,A,172,HIS,vdw_contact,A:171:TYR,A:172:HIS,True,,,
A,163,THR,A,166,LYS,vdw_contact,A:163:THR,A:166:LYS,True,,,
A,74,GLN,A,75,GLU,vdw_contact,A:74:GLN,A:75:GLU,True,,,
A,13,LYS,A,6,LEU,vdw_contact,A:13:LYS,A:6:LEU,True,,,
A,107,LEU,A,5,LEU,vdw_contact,A:107:LEU,A:5:LEU,True,,,
A,115,LEU,A,118,ASP,vdw_contact,A:115:LEU,A:118:ASP,True,,,
A,189,GLY,A,191,THR,vdw_contact,A:189:GLY,A:191:THR,True,,,
A,145,LYS,A,153,LEU,vdw_contact,A:145:LYS,A:153:LEU,True,,,
A,105,TYR,A,192,LYS,vdw_contact,A:105:TYR,A:192:LYS,True,,,
A,112,PRO,A,199,THR,vdw_contact,A:112:PRO,A:199:THR,True,,,
A,33,ASP,A,37,ALA,vdw_contact,A:33:ASP,A:37:ALA,True,,,
A,162,GLU,A,163,THR,vdw_contact,A:162:GLU,A:163:THR,True,,,
A,196,VAL,A,198,GLY,vdw_contact,A:196:VAL,A:198:GLY,True,,,
A,28,GLN,A,84,ASP,vdw_contact,A:28:GLN,A:84:ASP,True,,,
A,83,LEU,A,84,ASP,vdw_contact,A:83:LEU,A:84:ASP,True,,,
A,64,VAL,A,86,PHE,vdw_contact,A:64:VAL,A:86:PHE,True,,,
A,22,GLU,A,25,GLY,vdw_contact,A:22:GLU,A:25:GLY,True,,,
A,127,ALA,A,129,SER,vdw_contact,A:127:ALA,A:129:SER,True,,,
A,44,GLU,A,48,GLN,vdw_contact,A:44:GLU,A:48:GLN,True,,,
A,198,GLY,A,200,LYS,vdw_contact,A:198:GLY,A:200:LYS,True,,,
A,200,LYS,A,208,ASP,vdw_contact,A:200:LYS,A:208:ASP,True,,,
A,53,MET,A,57,LYS,vdw_contact,A:53:MET,A:57:LYS,True,,,
A,183,SER,A,193,TYR,vdw_contact,A:183:SER,A:193:TYR,True,,,
A,105,TYR,A,4,ILE,vdw_contact,A:105:TYR,A:4:ILE,True,,,
A,1,MET,A,26,ILE,vdw_contact,A:1:MET,A:26:ILE,True,,,
A,179,ILE,A,181,TYR,vdw_contact,A:179:ILE,A:181:TYR,True,,,
A,79,ASN,A,80,GLY,vdw_contact,A:79:ASN,A:80:GLY,True,,,
A,200,LYS,A,204,GLU,vdw_contact,A:200:LYS,A:204:GLU,True,,,
A,154,THR,A,155,THR,vdw_contact,A:154:THR,A:155:THR,True,,,
A,201,PRO,A,203,ALA,vdw_contact,A:201:PRO,A:203:ALA,True,,,
A,118,ASP,A,134,HIS,vdw_contact,A:118:ASP,A:134:HIS,True,,,
A,29,ILE,A,82,LEU,vdw_contact,A:29:ILE,A:82:LEU,True,,,
A,30,SER,A,84,ASP,vdw_contact,A:30:SER,A:84:ASP,True,,,
A,16,GLN,A,209,LEU,vdw_contact,A:16:GLN,A:209:LEU,True,,,
A,85,GLY,A,86,PHE,vdw_contact,A:85:GLY,A:86:PHE,True,,,
A,105,TYR,A,212,ILE,vdw_contact,A:105:TYR,A:212:ILE,True,,,
A,69,LYS,A,72,ILE,vdw_contact,A:69:LYS,A:72:ILE,True,,,
A,3,ILE,A,82,LEU,vdw_contact,A:3:ILE,A:82:LEU,True,,,
A,45,LEU,A,49,ALA,vdw_contact,A:45:LEU,A:49:ALA,True,,,
A,66,ALA,A,68,VAL,vdw_contact,A:66:ALA,A:68:VAL,True,,,
A,172,HIS,A,174,MET,vdw_contact,A:172:HIS,A:174:MET,True,,,
A,92,GLN,A,96,MET,vdw_contact,A:92:GLN,A:96:MET,True,,,
A,43,SER,A,45,LEU,vdw_contact,A:43:SER,A:45:LEU,True,,,
A,68,VAL,A,96,MET,vdw_contact,A:68:VAL,A:96:MET,True,,,
A,118,ASP,A,121,VAL,vdw_contact,A:118:ASP,A:121:VAL,True,,,
A,108,GLU,A,6,LEU,vdw_contact,A:108:GLU,A:6:LEU,True,,,
A,119,ARG,A,301,GCP,vdw_contact,A:119:ARG,A:301:GCP,False,,,
A,77,CYS,A,79,ASN,vdw_contact,A:77:CYS,A:79:ASN,True,,,
A,125,VAL,A,131,ARG,vdw_contact,A:125:VAL,A:131:ARG,True,,,
A,184,LYS,A,187,GLU,vdw_contact,A:184:LYS,A:187:GLU,True,,,
A,65,ILE,A,67,LEU,vdw_contact,A:65:ILE,A:67:LEU,True,,,
A,20,ILE,A,3,ILE,vdw_contact,A:20:ILE,A:3:ILE,True,,,
A,119,ARG,A,12,GLY,vdw_contact,A:119:ARG,A:12:GLY,True,,,
A,61,ASP,A,65,ILE,vdw_contact,A:61:ASP,A:65:ILE,True,,,
A,181,TYR,A,94,ASP,vdw_contact,A:181:TYR,A:94:ASP,True,,,
A,93,ALA,A,94,ASP,vdw_contact,A:93:ALA,A:94:ASP,True,,,
A,11,ALA,A,301,GCP,vdw_contact,A:11:ALA,A:301:GCP,False,,,
A,124,ARG,A,154,THR,vdw_contact,A:124:ARG,A:154:THR,True,,,
A,85,GLY,A,88,ARG,vdw_contact,A:85:GLY,A:88:ARG,True,,,
A,113,ASP,A,168,LEU,vdw_contact,A:113:ASP,A:168:LEU,True,,,
A,94,ASP,A,97,LYS,vdw_contact,A:94:ASP,A:97:LYS,True,,,
A,20,ILE,A,23,LYS,vdw_contact,A:20:ILE,A:23:LYS,True,,,
A,210,GLU,A,212,ILE,vdw_contact,A:210:GLU,A:212:ILE,True,,,
A,153,LEU,A,154,THR,vdw_contact,A:153:LEU,A:154:THR,True,,,
A,100,GLY,A,96,MET,vdw_contact,A:100:GLY,A:96:MET,True,,,
A,181,TYR,A,183,SER,vdw_contact,A:181:TYR,A:183:SER,True,,,
A,116,ILE,A,11,ALA,vdw_contact,A:116:ILE,A:11:ALA,True,,,
A,25,GLY,A,79,ASN,vdw_contact,A:25:GLY,A:79:ASN,True,,,
A,302,MG,A,84,ASP,vdw_contact,A:302:MG,A:84:ASP,False,,,
A,129,SER,A,131,ARG,vdw_contact,A:129:SER,A:131:ARG,True,,,
A,38,ALA,A,67,LEU,vdw_contact,A:38:ALA,A:67:LEU,True,,,
A,46,GLY,A,50,LYS,vdw_contact,A:46:GLY,A:50:LYS,True,,,
A,64,VAL,A,66,ALA,vdw_contact,A:64:VAL,A:66:ALA,True,,,
A,166,LYS,A,168,LEU,vdw_contact,A:166:LYS,A:168:LEU,True,,,
A,49,ALA,A,59,VAL,vdw_contact,A:49:ALA,A:59:VAL,True,,,
A,186,ALA,A,187,GLU,vdw_contact,A:186:ALA,A:187:GLU,True,,,
A,35,LEU,A,37,ALA,vdw_contact,A:35:LEU,A:37:ALA,True,,,
A,172,HIS,A,176,ALA,vdw_contact,A:172:HIS,A:176:ALA,True,,,
A,185,GLU,A,190,ASN,vdw_contact,A:185:GLU,A:190:ASN,True,,,
A,19,PHE,A,209,LEU,vdw_contact,A:19:PHE,A:209:LEU,True,,,
A,126,HIS,A,149,THR,vdw_contact,A:126:HIS,A:149:THR,True,,,
A,38,ALA,A,46,GLY,vdw_contact,A:38:ALA,A:46:GLY,True,,,
A,210,GLU,A,23,LYS,vdw_contact,A:210:GLU,A:23:LYS,True,,,
A,4,ILE,A,6,LEU,vdw_contact,A:4:ILE,A:6:LEU,True,,,
A,67,LEU,A,71,ARG,vdw_contact,A:67:LEU,A:71:ARG,True,,,
A,65,ILE,A,95,ALA,vdw_contact,A:65:ILE,A:95:ALA,True,,,
A,207,ALA,A,209,LEU,vdw_contact,A:207:ALA,A:209:LEU,True,,,
A,170,GLU,A,172,HIS,vdw_contact,A:170:GLU,A:172:HIS,True,,,
A,27,PRO,A,81,PHE,vdw_contact,A:27:PRO,A:81:PHE,True,,,
A,86,PHE,A,96,MET,vdw_contact,A:86:PHE,A:96:MET,True,,,
A,206,ARG,A,209,LEU,vdw_contact,A:206:ARG,A:209:LEU,True,,,
A,26,ILE,A,80,GLY,vdw_contact,A:26:ILE,A:80:GLY,True,,,
A,182,TYR,A,6,LEU,vdw_contact,A:182:TYR,A:6:LEU,True,,,
A,63,LEU,A,67,LEU,vdw_contact,A:63:LEU,A:67:LEU,True,,,
A,213,LEU,A,24,TYR,vdw_contact,A:213:LEU,A:24:TYR,True,,,
A,68,VAL,A,72,ILE,vdw_contact,A:68:VAL,A:72:ILE,True,,,
A,157,LYS,A,160,GLN,vdw_contact,A:157:LYS,A:160:GLN,True,,,
A,301,GCP,A,8,ALA,vdw_contact,A:301:GCP,A:8:ALA,False,,,
A,52,ILE,A,55,ALA,vdw_contact,A:52:ILE,A:55:ALA,True,,,
A,4,ILE,A,86,PHE,vdw_contact,A:4:ILE,A:86:PHE,True,,,
A,68,VAL,A,71,ARG,vdw_contact,A:68:VAL,A:71:ARG,True,,,
A,121,VAL,A,124,ARG,vdw_contact,A:121:VAL,A:124:ARG,True,,,
A,123,ARG,A,155,THR,vdw_contact,A:123:ARG,A:155:THR,True,,,
A,53,MET,A,59,VAL,vdw_contact,A:53:MET,A:59:VAL,True,,,
A,12,GLY,A,14,GLY,vdw_contact,A:12:GLY,A:14:GLY,True,,,
A,196,VAL,A,197,ASP,vdw_contact,A:196:VAL,A:197:ASP,True,,,
A,72,ILE,A,81,PHE,vdw_contact,A:72:ILE,A:81:PHE,True,,,
A,205,VAL,A,207,ALA,vdw_contact,A:205:VAL,A:207:ALA,True,,,
A,184,LYS,A,186,ALA,vdw_contact,A:184:LYS,A:186:ALA,True,,,
A,1,MET,A,81,PHE,vdw_contact,A:1:MET,A:81:PHE,True,,,
A,1,MET,A,213,LEU,vdw_contact,A:1:MET,A:213:LEU,True,,,
A,100,GLY,A,102,ASN,vdw_contact,A:100:GLY,A:102:ASN,True,,,
A,123,ARG,A,159,ASP,vdw_contact,A:123:ARG,A:159:ASP,True,,,
A,111,VAL,A,198,GLY,vdw_contact,A:111:VAL,A:198:GLY,True,,,
A,20,ILE,A,22,GLU,vdw_contact,A:20:ILE,A:22:GLU,True,,,
A,184,LYS,A,188,ALA,vdw_contact,A:184:LYS,A:188:ALA,True,,,
A,204,GLU,A,206,ARG,vdw_contact,A:204:GLU,A:206:ARG,True,,,
A,73,ALA,A,75,GLU,vdw_contact,A:73:ALA,A:75:GLU,True,,,
A,106,VAL,A,182,TYR,vdw_contact,A:106:VAL,A:182:TYR,True,,,
A,168,LEU,A,170,GLU,vdw_contact,A:168:LEU,A:170:GLU,True,,,
A,31,THR,A,64,VAL,vdw_contact,A:31:THR,A:64:VAL,True,,,
A,19,PHE,A,210,GLU,vdw_contact,A:19:PHE,A:210:GLU,True,,,
A,7,GLY,A,9,PRO,vdw_contact,A:7:GLY,A:9:PRO,True,,,
A,182,TYR,A,193,TYR,vdw_contact,A:182:TYR,A:193:TYR,True,,,
A,206,ARG,A,210,GLU,vdw_contact,A:206:ARG,A:210:GLU,True,,,
A,101,ILE,A,99,ALA,vdw_contact,A:101:ILE,A:99:ALA,True,,,
A,158,ASP,A,301,GCP,vdw_contact,A:158:ASP,A:301:GCP,False,,,
A,104,ASP,A,191,THR,vdw_contact,A:104:ASP,A:191:THR,True,,,
A,83,LEU,A,96,MET,vdw_contact,A:83:LEU,A:96:MET,True,,,
A,116,ILE,A,119,ARG,vdw_contact,A:116:ILE,A:119:ARG,True,,,
A,209,LEU,A,213,LEU,vdw_contact,A:209:LEU,A:213:LEU,True,,,
A,35,LEU,A,49,ALA,vdw_contact,A:35:LEU,A:49:ALA,True,,,
A,83,LEU,A,85,GLY,vdw_contact,A:83:LEU,A:85:GLY,True,,,
A,44,GLU,A,47,LYS,vdw_contact,A:44:GLU,A:47:LYS,True,,,
A,182,TYR,A,4,ILE,vdw_contact,A:182:TYR,A:4:ILE,True,,,
A,203,ALA,A,205,VAL,vdw_contact,A:203:ALA,A:205:VAL,True,,,
A,44,GLU,A,46,GLY,vdw_contact,A:44:GLU,A:46:GLY,True,,,
A,52,ILE,A,56,GLY,vdw_contact,A:52:ILE,A:56:GLY,True,,,
A,21,MET,A,25,GLY,vdw_contact,A:21:MET,A:25:GLY,True,,,
A,70,GLU,A,73,ALA,vdw_contact,A:70:GLU,A:73:ALA,True,,,
A,193,TYR,A,195,LYS,vdw_contact,A:193:TYR,A:195:LYS,True,,,
A,92,GLN,A,94,ASP,vdw_contact,A:92:GLN,A:94:ASP,True,,,
A,186,ALA,A,188,ALA,vdw_contact,A:186:ALA,A:188:ALA,True,,,
A,172,HIS,A,175,THR,vdw_contact,A:172:HIS,A:175:THR,True,,,
A,131,ARG,A,148,VAL,vdw_contact,A:131:ARG,A:148:VAL,True,,,
A,59,VAL,A,64,VAL,vdw_contact,A:59:VAL,A:64:VAL,True,,,
A,140,PRO,A,144,GLY,vdw_contact,A:140:PRO,A:144:GLY,True,,,
A,109,PHE,A,12,GLY,vdw_contact,A:109:PHE,A:12:GLY,True,,,
A,89,THR,A,93,ALA,vdw_contact,A:89:THR,A:93:ALA,True,,,
A,39,VAL,A,41,SER,vdw_contact,A:39:VAL,A:41:SER,True,,,
A,11,ALA,A,9,PRO,vdw_contact,A:11:ALA,A:9:PRO,True,,,
A,176,ALA,A,180,GLY,vdw_contact,A:176:ALA,A:180:GLY,True,,,
A,103,VAL,A,191,THR,vdw_contact,A:103:VAL,A:191:THR,True,,,
A,158,ASP,A,167,ARG,vdw_contact,A:158:ASP,A:167:ARG,True,,,
A,171,TYR,A,9,PRO,vdw_contact,A:171:TYR,A:9:PRO,True,,,
A,204,GLU,A,208,ASP,vdw_contact,A:204:GLU,A:208:ASP,True,,,
A,16,GLN,A,202,VAL,vdw_contact,A:16:GLN,A:202:VAL,True,,,
A,45,LEU,A,70,GLU,vdw_contact,A:45:LEU,A:70:GLU,True,,,
A,149,THR,A,151,GLU,vdw_contact,A:149:THR,A:151:GLU,True,,,
A,46,GLY,A,49,ALA,vdw_contact,A:46:GLY,A:49:ALA,True,,,
A,54,ASP,A,56,GLY,vdw_contact,A:54:ASP,A:56:GLY,True,,,
A,16,GLN,A,206,ARG,vdw_contact,A:16:GLN,A:206:ARG,True,,,
A,14,GLY,A,301,GCP,vdw_contact,A:14:GLY,A:301:GCP,False,,,
A,49,ALA,A,51,ASP,vdw_contact,A:49:ALA,A:51:ASP,True,,,
A,301,GCP,A,302,MG,vdw_contact,A:301:GCP,A:302:MG,False,,,
A,185,GLU,A,191,THR,vdw_contact,A:185:GLU,A:191:THR,True,,,
A,94,ASP,A,98,GLU,vdw_contact,A:94:ASP,A:98:GLU,True,,,
A,178,LEU,A,88,ARG,vdw_contact,A:178:LEU,A:88:ARG,True,,,
A,50,LYS,A,52,ILE,vdw_contact,A:50:LYS,A:52:ILE,True,,,
A,34,MET,A,67,LEU,vdw_contact,A:34:MET,A:67:LEU,True,,,
A,109,PHE,A,205,VAL,vdw_contact,A:109:PHE,A:205:VAL,True,,,
A,100,GLY,A,98,GLU,vdw_contact,A:100:GLY,A:98:GLU,True,,,
A,28,GLN,A,302,MG,vdw_contact,A:28:GLN,A:302:MG,False,,,
A,105,TYR,A,107,LEU,vdw_contact,A:105:TYR,A:107:LEU,True,,,
A,114,GLU,A,116,ILE,vdw_contact,A:114:GLU,A:116:ILE,True,,,
A,151,GLU,A,153,LEU,vdw_contact,A:151:GLU,A:153:LEU,True,,,
A,111,VAL,A,11,ALA,vdw_contact,A:111:VAL,A:11:ALA,True,,,
A,103,VAL,A,81,PHE,vdw_contact,A:103:VAL,A:81:PHE,True,,,
A,66,ALA,A,70,GLU,vdw_contact,A:66:ALA,A:70:GLU,True,,,
A,4,ILE,A,83,LEU,vdw_contact,A:4:ILE,A:83:LEU,True,,,
A,186,ALA,A,189,GLY,vdw_contact,A:186:ALA,A:189:GLY,True,,,
A,34,MET,A,38,ALA,vdw_contact,A:34:MET,A:38:ALA,True,,,
A,34,MET,A,83,LEU,vdw_contact,A:34:MET,A:83:LEU,True,,,
A,87,PRO,A,89,THR,vdw_contact,A:87:PRO,A:89:THR,True,,,
A,185,GLU,A,189,GLY,vdw_contact,A:185:GLU,A:189:GLY,True,,,
A,178,LEU,A,89,THR,vdw_contact,A:178:LEU,A:89:THR,True,,,
A,2,ARG,A,72,ILE,vdw_contact,A:2:ARG,A:72:ILE,True,,,
A,110,ASP,A,195,LYS,vdw_contact,A:110:ASP,A:195:LYS,True,,,
A,168,LEU,A,9,PRO,vdw_contact,A:168:LEU,A:9:PRO,True,,,
A,16,GLN,A,20,ILE,vdw_contact,A:16:GLN,A:20:ILE,True,,,
A,109,PHE,A,16,GLN,vdw_contact,A:109:PHE,A:16:GLN,True,,,
A,196,VAL,A,212,ILE,vdw_contact,A:196:VAL,A:212:ILE,True,,,
A,183,SER,A,187,GLU,vdw_contact,A:183:SER,A:187:GLU,True,,,
A,13,LYS,A,16,GLN,vdw_contact,A:13:LYS,A:16:GLN,True,,,
A,10,GLY,A,116,ILE,vdw_contact,A:10:GLY,A:116:ILE,True,,,
A,176,ALA,A,178,LEU,vdw_contact,A:176:ALA,A:178:LEU,True,,,
A,45,LEU,A,63,LEU,vdw_contact,A:45:LEU,A:63:LEU,True,,,
A,174,MET,A,177,PRO,vdw_contact,A:174:MET,A:177:PRO,True,,,
A,107,LEU,A,209,LEU,vdw_contact,A:107:LEU,A:209:LEU,True,,,
A,31,THR,A,86,PHE,vdw_contact,A:31:THR,A:86:PHE,True,,,
A,101,ILE,A,69,LYS,vdw_contact,A:101:ILE,A:69:LYS,True,,,
A,1,MET,A,80,GLY,vdw_contact,A:1:MET,A:80:GLY,True,,,
A,119,ARG,A,123,ARG,vdw_contact,A:119:ARG,A:123:ARG,True,,,
A,34,MET,A,71,ARG,vdw_contact,A:34:MET,A:71:ARG,True,,,
A,156,ARG,A,160,GLN,vdw_contact,A:156:ARG,A:160:GLN,True,,,
A,62,GLU,A,66,ALA,vdw_contact,A:62:GLU,A:66:ALA,True,,,
A,124,ARG,A,153,LEU,vdw_contact,A:124:ARG,A:153:LEU,True,,,
A,51,ASP,A,55,ALA,vdw_contact,A:51:ASP,A:55:ALA,True,,,
A,121,VAL,A,159,ASP,vdw_contact,A:121:VAL,A:159:ASP,True,,,
A,107,LEU,A,194,ALA,vdw_contact,A:107:LEU,A:194:ALA,True,,,
A,119,ARG,A,11,ALA,vdw_contact,A:119:ARG,A:11:ALA,True,,,
A,115,LEU,A,117,VAL,vdw_contact,A:115:LEU,A:117:VAL,True,,,
A,103,VAL,A,190,ASN,vdw_contact,A:103:VAL,A:190:ASN,True,,,
A,136,LYS,A,139,PRO,vdw_contact,A:136:LYS,A:139:PRO,True,,,
A,105,TYR,A,191,THR,vdw_contact,A:105:TYR,A:191:THR,True,,,
A,104,ASP,A,192,LYS,vdw_contact,A:104:ASP,A:192:LYS,True,,,
A,65,ILE,A,99,ALA,vdw_contact,A:65:ILE,A:99:ALA,True,,,
A,68,VAL,A,70,GLU,vdw_contact,A:68:VAL,A:70:GLU,True,,,
A,15,THR,A,17,ALA,vdw_contact,A:15:THR,A:17:ALA,True,,,
A,102,ASN,A,2,ARG,vdw_contact,A:102:ASN,A:2:ARG,True,,,
A,127,ALA,A,130,GLY,vdw_contact,A:127:ALA,A:130:GLY,True,,,
A,135,VAL,A,137,PHE,vdw_contact,A:135:VAL,A:137:PHE,True,,,
A,70,GLU,A,74,GLN,vdw_contact,A:70:GLU,A:74:GLN,True,,,
A,121,VAL,A,161,GLU,vdw_contact,A:121:VAL,A:161:GLU,True,,,
A,168,LEU,A,8,ALA,vdw_contact,A:168:LEU,A:8:ALA,True,,,
A,5,LEU,A,85,GLY,vdw_contact,A:5:LEU,A:85:GLY,True,,,
A,53,MET,A,56,GLY,vdw_contact,A:53:MET,A:56:GLY,True,,,
A,120,ILE,A,301,GCP,vdw_contact,A:120:ILE,A:301:GCP,False,,,
A,36,ARG,A,40,LYS,vdw_contact,A:36:ARG,A:40:LYS,True,,,
A,17,ALA,A,20,ILE,vdw_contact,A:17:ALA,A:20:ILE,True,,,
A,107,LEU,A,212,ILE,vdw_contact,A:107:LEU,A:212:ILE,True,,,
A,198,GLY,A,205,VAL,vdw_contact,A:198:GLY,A:205:VAL,True,,,
A,115,LEU,A,199,THR,vdw_contact,A:115:LEU,A:199:THR,True,,,
A,211,LYS,A,214,GLY,vdw_contact,A:211:LYS,A:214:GLY,True,,,
A,16,GLN,A,18,GLN,vdw_contact,A:16:GLN,A:18:GLN,True,,,
A,120,ILE,A,159,ASP,vdw_contact,A:120:ILE,A:159:ASP,True,,,
A,185,GLU,A,187,GLU,vdw_contact,A:185:GLU,A:187:GLU,True,,,
A,178,LEU,A,93,ALA,vdw_contact,A:178:LEU,A:93:ALA,True,,,
A,17,ALA,A,19,PHE,vdw_contact,A:17:ALA,A:19:PHE,True,,,
A,69,LYS,A,73,ALA,vdw_contact,A:69:LYS,A:73:ALA,True,,,
A,199,THR,A,201,PRO,vdw_contact,A:199:THR,A:201:PRO,True,,,
A,63,LEU,A,66,ALA,vdw_contact,A:63:LEU,A:66:ALA,True,,,
A,34,MET,A,37,ALA,vdw_contact,A:34:MET,A:37:ALA,True,,,
A,158,ASP,A,160,GLN,vdw_contact,A:158:ASP,A:160:GLN,True,,,
A,10,GLY,A,120,ILE,vdw_contact,A:10:GLY,A:120:ILE,True,,,
A,51,ASP,A,53,MET,vdw_contact,A:51:ASP,A:53:MET,True,,,
A,130,GLY,A,132,VAL,vdw_contact,A:130:GLY,A:132:VAL,True,,,
A,65,ILE,A,92,GLN,vdw_contact,A:65:ILE,A:92:GLN,True,,,
A,61,ASP,A,63,LEU,vdw_contact,A:61:ASP,A:63:LEU,True,,,
A,27,PRO,A,80,GLY,vdw_contact,A:27:PRO,A:80:GLY,True,,,
A,174,MET,A,89,THR,vdw_contact,A:174:MET,A:89:THR,True,,,
A,26,ILE,A,28,GLN,vdw_contact,A:26:ILE,A:28:GLN,True,,,
A,197,ASP,A,205,VAL,vdw_contact,A:197:ASP,A:205:VAL,True,,,
A,103,VAL,A,105,TYR,vdw_contact,A:103:VAL,A:105:TYR,True,,,
A,21,MET,A,24,TYR,vdw_contact,A:21:MET,A:24:TYR,True,,,
A,34,MET,A,36,ARG,vdw_contact,A:34:MET,A:36:ARG,True,,,
A,5,LEU,A,83,LEU,vdw_contact,A:5:LEU,A:83:LEU,True,,,
A,27,PRO,A,77,CYS,vdw_contact,A:27:PRO,A:77:CYS,True,,,
A,38,ALA,A,43,SER,vdw_contact,A:38:ALA,A:43:SER,True,,,
A,117,VAL,A,164,VAL,vdw_contact,A:117:VAL,A:164:VAL,True,,,
A,13,LYS,A,85,GLY,vdw_contact,A:13:LYS,A:85:GLY,True,,,
A,90,ILE,A,94,ASP,vdw_contact,A:90:ILE,A:94:ASP,True,,,
A,196,VAL,A,209,LEU,vdw_contact,A:196:VAL,A:209:LEU,True,,,
A,195,LYS,A,212,ILE,vdw_contact,A:195:LYS,A:212:ILE,True,,,
A,103,VAL,A,106,VAL,vdw_contact,A:103:VAL,A:106:VAL,True,,,
A,51,ASP,A,54,ASP,vdw_contact,A:51:ASP,A:54:ASP,True,,,
A,138,ASN,A,140,PRO,vdw_contact,A:138:ASN,A:140:PRO,True,,,
A,212,ILE,A,214,GLY,vdw_contact,A:212:ILE,A:214:GLY,True,,,
A,200,LYS,A,202,VAL,vdw_contact,A:200:LYS,A:202:VAL,True,,,
A,116,ILE,A,8,ALA,vdw_contact,A:116:ILE,A:8:ALA,True,,,
A,42,GLY,A,44,GLU,vdw_contact,A:42:GLY,A:44:GLU,True,,,
A,107,LEU,A,3,ILE,vdw_contact,A:107:LEU,A:3:ILE,True,,,
A,167,ARG,A,9,PRO,vdw_contact,A:167:ARG,A:9:PRO,True,,,
A,125,VAL,A,130,GLY,vdw_contact,A:125:VAL,A:130:GLY,True,,,
A,59,VAL,A,63,LEU,vdw_contact,A:59:VAL,A:63:LEU,True,,,
A,40,LYS,A,42,GLY,vdw_contact,A:40:LYS,A:42:GLY,True,,,
A,108,GLU,A,196,VAL,vdw_contact,A:108:GLU,A:196:VAL,True,,,
A,202,VAL,A,204,GLU,vdw_contact,A:202:VAL,A:204:GLU,True,,,
A,123,ARG,A,132,VAL,vdw_contact,A:123:ARG,A:132:VAL,True,,,
A,179,ILE,A,182,TYR,vdw_contact,A:179:ILE,A:182:TYR,True,,,
A,208,ASP,A,212,ILE,vdw_contact,A:208:ASP,A:212:ILE,True,,,
A,106,VAL,A,194,ALA,vdw_contact,A:106:VAL,A:194:ALA,True,,,
A,70,GLU,A,72,ILE,vdw_contact,A:70:GLU,A:72:ILE,True,,,
A,163,THR,A,165,ARG,vdw_contact,A:163:THR,A:165:ARG,True,,,
A,159,ASP,A,161,GLU,vdw_contact,A:159:ASP,A:161:GLU,True,,,
A,106,VAL,A,191,THR,vdw_contact,A:106:VAL,A:191:THR,True,,,
A,22,GLU,A,24,TYR,vdw_contact,A:22:GLU,A:24:TYR,True,,,
A,162,GLU,A,164,VAL,vdw_contact,A:162:GLU,A:164:VAL,True,,,
A,174,MET,A,176,ALA,vdw_contact,A:174:MET,A:176:ALA,True,,,
A,24,TYR,A,79,ASN,vdw_contact,A:24:TYR,A:79:ASN,True,,,
A,110,ASP,A,198,GLY,vdw_contact,A:110:ASP,A:198:GLY,True,,,
A,133,TYR,A,138,ASN,vdw_contact,A:133:TYR,A:138:ASN,True,,,
A,155,THR,A,157,LYS,vdw_contact,A:155:THR,A:157:LYS,True,,,
A,180,GLY,A,184,LYS,vdw_contact,A:180:GLY,A:184:LYS,True,,,
A,5,LEU,A,84,ASP,vdw_contact,A:5:LEU,A:84:ASP,True,,,
A,179,ILE,A,6,LEU,vdw_contact,A:179:ILE,A:6:LEU,True,,,
A,123,ARG,A,133,TYR,vdw_contact,A:123:ARG,A:133:TYR,True,,,
A,94,ASP,A,96,MET,vdw_contact,A:94:ASP,A:96:MET,True,,,
A,119,ARG,A,137,PHE,vdw_contact,A:119:ARG,A:137:PHE,True,,,
A,214,GLY,A,23,LYS,vdw_contact,A:214:GLY,A:23:LYS,True,,,
A,120,ILE,A,167,ARG,vdw_contact,A:120:ILE,A:167:ARG,True,,,
A,36,ARG,A,38,ALA,vdw_contact,A:36:ARG,A:38:ALA,True,,,
A,5,LEU,A,82,LEU,vdw_contact,A:5:LEU,A:82:LEU,True,,,
A,148,VAL,A,150,GLY,vdw_contact,A:148:VAL,A:150:GLY,True,,,
A,183,SER,A,185,GLU,vdw_contact,A:183:SER,A:185:GLU,True,,,
A,125,VAL,A,132,VAL,vdw_contact,A:125:VAL,A:132:VAL,True,,,
A,117,VAL,A,168,LEU,vdw_contact,A:117:VAL,A:168:LEU,True,,,
A,24,TYR,A,3,ILE,vdw_contact,A:24:TYR,A:3:ILE,True,,,
A,48,GLN,A,50,LYS,vdw_contact,A:48:GLN,A:50:LYS,True,,,
A,116,ILE,A,9,PRO,vdw_contact,A:116:ILE,A:9:PRO,True,,,
A,179,ILE,A,195,LYS,vdw_contact,A:179:ILE,A:195:LYS,True,,,
A,173,GLN,A,177,PRO,vdw_contact,A:173:GLN,A:177:PRO,True,,,
A,39,VAL,A,49,ALA,vdw_contact,A:39:VAL,A:49:ALA,True,,,
A,19,PHE,A,21,MET,vdw_contact,A:19:PHE,A:21:MET,True,,,
A,52,ILE,A,63,LEU,vdw_contact,A:52:ILE,A:63:LEU,True,,,
A,119,ARG,A,121,VAL,vdw_contact,A:119:ARG,A:121:VAL,True,,,
A,3,ILE,A,5,LEU,vdw_contact,A:3:ILE,A:5:LEU,True,,,
A,77,CYS,A,81,PHE,vdw_contact,A:77:CYS,A:81:PHE,True,,,
A,109,PHE,A,15,THR,vdw_contact,A:109:PHE,A:15:THR,True,,,
A,13,LYS,A,302,MG,vdw_contact,A:13:LYS,A:302:MG,False,,,
A,146,ASP,A,151,GLU,vdw_contact,A:146:ASP,A:151:GLU,True,,,
A,23,LYS,A,25,GLY,vdw_contact,A:23:LYS,A:25:GLY,True,,,
A,128,PRO,A,151,GLU,vdw_contact,A:128:PRO,A:151:GLU,True,,,
A,68,VAL,A,86,PHE,vdw_contact,A:68:VAL,A:86:PHE,True,,,
A,213,LEU,A,3,ILE,vdw_contact,A:213:LEU,A:3:ILE,True,,,
A,158,ASP,A,164,VAL,vdw_contact,A:158:ASP,A:164:VAL,True,,,
A,111,VAL,A,115,LEU,vdw_contact,A:111:VAL,A:115:LEU,True,,,
A,29,ILE,A,72,ILE,vdw_contact,A:29:ILE,A:72:ILE,True,,,
A,106,VAL,A,108,GLU,vdw_contact,A:106:VAL,A:108:GLU,True,,,
A,147,ASP,A,149,THR,vdw_contact,A:147:ASP,A:149:THR,True,,,
A,178,LEU,A,6,LEU,vdw_contact,A:178:LEU,A:6:LEU,True,,,
A,101,ILE,A,68,VAL,vdw_contact,A:101:ILE,A:68:VAL,True,,,
A,194,ALA,A,196,VAL,vdw_contact,A:194:ALA,A:196:VAL,True,,,
A,122,GLY,A,133,TYR,vdw_contact,A:122:GLY,A:133:TYR,True,,,
A,1,MET,A,79,ASN,hbond,A:1:MET,A:79:ASN,True,backbone-backbone,,
A,102,ASN,A,2,ARG,hbond,A:102:ASN,A:2:ARG,True,backbone-sidechain,,
A,3,ILE,A,81,PHE,hbond,A:3:ILE,A:81:PHE,True,backbone-backbone,,
A,105,TYR,A,4,ILE,hbond,A:105:TYR,A:4:ILE,True,backbone-backbone,,
A,5,LEU,A,83,LEU,hbond,A:5:LEU,A:83:LEU,True,backbone-backbone,,
A,15,THR,A,16,GLN,hbond,A:15:THR,A:16:GLN,True,sidechain-backbone,,
A,16,GLN,A,202,VAL,hbond,A:16:GLN,A:202:VAL,True,sidechain-backbone,,
A,21,MET,A,26,ILE,hbond,A:21:MET,A:26:ILE,True,backbone-backbone,,
A,28,GLN,A,84,ASP,hbond,A:28:GLN,A:84:ASP,True,sidechain-sidechain,,
A,29,ILE,A,82,LEU,hbond,A:29:ILE,A:82:LEU,True,backbone-backbone,,
A,31,THR,A,32,GLY,hbond,A:31:THR,A:32:GLY,True,sidechain-backbone,,
A,33,ASP,A,36,ARG,hbond,A:33:ASP,A:36:ARG,True,sidechain-sidechain,,
A,41,SER,A,43,SER,hbond,A:41:SER,A:43:SER,True,sidechain-sidechain,,
A,41,SER,A,42,GLY,hbond,A:41:SER,A:42:GLY,True,sidechain-backbone,,
A,43,SER,A,44,GLU,hbond,A:43:SER,A:44:GLU,True,sidechain-backbone,,
A,47,LYS,A,51,ASP,hbond,A:47:LYS,A:51:ASP,True,sidechain-sidechain,,
A,44,GLU,A,48,GLN,hbond,A:44:GLU,A:48:GLN,True,backbone-backbone,,
A,50,LYS,A,54,ASP,hbond,A:50:LYS,A:54:ASP,True,sidechain-sidechain,,
A,60,THR,A,64,VAL,hbond,A:60:THR,A:64:VAL,True,backbone-backbone,,
A,64,VAL,A,68,VAL,hbond,A:64:VAL,A:68:VAL,True,backbone-backbone,,
A,65,ILE,A,69,LYS,hbond,A:65:ILE,A:69:LYS,True,backbone-backbone,,
A,71,ARG,A,71,ARG,hbond,A:71:ARG,A:71:ARG,True,sidechain-backbone,,
A,71,ARG,A,71,ARG,hbond,A:71:ARG,A:71:ARG,True,backbone-sidechain,,
A,68,VAL,A,72,ILE,hbond,A:68:VAL,A:72:ILE,True,backbone-backbone,,
A,76,ASP,A,77,CYS,hbond,A:76:ASP,A:77:CYS,True,sidechain-backbone,,
A,1,MET,A,81,PHE,hbond,A:1:MET,A:81:PHE,True,backbone-backbone,,
A,85,GLY,A,88,ARG,hbond,A:85:GLY,A:88:ARG,True,backbone-sidechain,,
A,89,THR,A,92,GLN,hbond,A:89:THR,A:92:GLN,True,backbone-sidechain,,
A,89,THR,A,93,ALA,hbond,A:89:THR,A:93:ALA,True,backbone-backbone,,
A,90,ILE,A,94,ASP,hbond,A:90:ILE,A:94:ASP,True,backbone-backbone,,
A,92,GLN,A,96,MET,hbond,A:92:GLN,A:96:MET,True,backbone-backbone,,
A,93,ALA,A,97,LYS,hbond,A:93:ALA,A:97:LYS,True,backbone-backbone,,
A,185,GLU,A,97,LYS,hbond,A:185:GLU,A:97:LYS,True,sidechain-sidechain,,
A,94,ASP,A,98,GLU,hbond,A:94:ASP,A:98:GLU,True,backbone-backbone,,
A,102,ASN,A,190,ASN,hbond,A:102:ASN,A:190:ASN,True,sidechain-backbone,,
A,105,TYR,A,2,ARG,hbond,A:105:TYR,A:2:ARG,True,backbone-backbone,,
A,106,VAL,A,192,LYS,hbond,A:106:VAL,A:192:LYS,True,backbone-backbone,,
A,107,LEU,A,4,ILE,hbond,A:107:LEU,A:4:ILE,True,backbone-backbone,,
A,108,GLU,A,194,ALA,hbond,A:108:GLU,A:194:ALA,True,backbone-backbone,,
A,112,PRO,A,116,ILE,hbond,A:112:PRO,A:116:ILE,True,backbone-backbone,,
A,113,ASP,A,117,VAL,hbond,A:113:ASP,A:117:VAL,True,backbone-backbone,,
A,10,GLY,A,119,ARG,hbond,A:10:GLY,A:119:ARG,True,backbone-sidechain,,
A,124,ARG,A,133,TYR,hbond,A:124:ARG,A:133:TYR,True,backbone-backbone,,
A,121,VAL,A,124,ARG,hbond,A:121:VAL,A:124:ARG,True,backbone-sidechain,,
A,123,ARG,A,124,ARG,hbond,A:123:ARG,A:124:ARG,True,backbone-sidechain,,
A,125,VAL,A,154,THR,hbond,A:125:VAL,A:154:THR,True,backbone-backbone,,
A,126,HIS,A,131,ARG,hbond,A:126:HIS,A:131:ARG,True,backbone-backbone,,
A,126,HIS,A,151,GLU,hbond,A:126:HIS,A:151:GLU,True,sidechain-sidechain,,
A,126,HIS,A,129,SER,hbond,A:126:HIS,A:129:SER,True,sidechain-sidechain,,
A,131,ARG,A,146,ASP,hbond,A:131:ARG,A:146:ASP,True,sidechain-sidechain,,
A,124,ARG,A,133,TYR,hbond,A:124:ARG,A:133:TYR,True,backbone-backbone,,
A,133,TYR,A,147,ASP,hbond,A:133:TYR,A:147:ASP,True,sidechain-sidechain,,
A,118,ASP,A,134,HIS,hbond,A:118:ASP,A:134:HIS,True,backbone-sidechain,,
A,122,GLY,A,135,VAL,hbond,A:122:GLY,A:135:VAL,True,backbone-backbone,,
A,134,HIS,A,135,VAL,hbond,A:134:HIS,A:135:VAL,True,sidechain-backbone,,
A,146,ASP,A,151,GLU,hbond,A:146:ASP,A:151:GLU,True,backbone-backbone,,
A,146,ASP,A,147,ASP,hbond,A:146:ASP,A:147:ASP,True,sidechain-backbone,,
A,147,ASP,A,148,VAL,hbond,A:147:ASP,A:148:VAL,True,sidechain-backbone,,
A,160,GLN,A,164,VAL,hbond,A:160:GLN,A:164:VAL,True,backbone-backbone,,
A,161,GLU,A,165,ARG,hbond,A:161:GLU,A:165:ARG,True,sidechain-sidechain,,
A,164,VAL,A,168,LEU,hbond,A:164:VAL,A:168:LEU,True,backbone-backbone,,
A,165,ARG,A,169,VAL,hbond,A:165:ARG,A:169:VAL,True,backbone-backbone,,
A,168,LEU,A,172,HIS,hbond,A:168:LEU,A:172:HIS,True,backbone-backbone,,
A,113,ASP,A,172,HIS,hbond,A:113:ASP,A:172:HIS,True,sidechain-sidechain,,
A,175,THR,A,179,ILE,hbond,A:175:THR,A:179:ILE,True,backbone-backbone,,
A,178,LEU,A,182,TYR,hbond,A:178:LEU,A:182:TYR,True,backbone-backbone,,
A,181,TYR,A,185,GLU,hbond,A:181:TYR,A:185:GLU,True,backbone-backbone,,
A,183,SER,A,187,GLU,hbond,A:183:SER,A:187:GLU,True,backbone-backbone,,
A,184,LYS,A,188,ALA,hbond,A:184:LYS,A:188:ALA,True,backbone-backbone,,
A,185,GLU,A,190,ASN,hbond,A:185:GLU,A:190:ASN,True,sidechain-sidechain,,
A,104,ASP,A,191,THR,hbond,A:104:ASP,A:191:THR,True,backbone-sidechain,,
A,191,THR,A,192,LYS,hbond,A:191:THR,A:192:LYS,True,sidechain-backbone,,
A,108,GLU,A,193,TYR,hbond,A:108:GLU,A:193:TYR,True,sidechain-sidechain,,
A,106,VAL,A,194,ALA,hbond,A:106:VAL,A:194:ALA,True,backbone-backbone,,
A,199,THR,A,200,LYS,hbond,A:199:THR,A:200:LYS,True,sidechain-backbone,,
A,201,PRO,A,205,VAL,hbond,A:201:PRO,A:205:VAL,True,backbone-backbone,,
A,204,GLU,A,208,ASP,hbond,A:204:GLU,A:208:ASP,True,backbone-backbone,,
A,205,VAL,A,209,LEU,hbond,A:205:VAL,A:209:LEU,True,backbone-backbone,,
A,206,ARG,A,210,GLU,hbond,A:206:ARG,A:210:GLU,True,backbone-backbone,,
A,207,ALA,A,211,LYS,hbond,A:207:ALA,A:211:LYS,True,backbone-backbone,,
A,208,ASP,A,212,ILE,hbond,A:208:ASP,A:212:ILE,True,backbone-backbone,,
