chain,resi_struct,resn_struct,resi_mut,resn_mut,struct_info,mut_info,ss_domains,ss_group
A,1,MET,1,MET,True,True,coil_1,c_1
A,2,ARG,2,ARG,True,True,beta-sheet_1,b_1
A,3,ILE,3,ILE,True,True,beta-sheet_1,b_1
A,4,ILE,4,ILE,True,True,beta-sheet_1,b_1
A,5,LEU,5,LEU,True,True,beta-sheet_1,b_1
A,6,LEU,6,LEU,True,True,beta-sheet_1,b_1
A,7,GLY,7,GLY,True,True,coil_2,c_2
A,8,ALA,8,ALA,True,True,coil_2,c_2
A,9,PRO,9,PRO,True,True,coil_2,c_2
A,10,GLY,10,GLY,True,True,coil_2,c_2
A,11,ALA,11,ALA,True,True,coil_2,c_2
A,12,GLY,12,GLY,True,True,coil_2,c_2
A,13,LYS,13,LYS,True,True,alpha-helix_1,a_1
A,14,GLY,14,GLY,True,True,alpha-helix_1,a_1
A,15,THR,15,THR,True,True,alpha-helix_1,a_1
A,16,GLN,16,GLN,True,True,alpha-helix_1,a_1
A,17,ALA,17,ALA,True,True,alpha-helix_1,a_1
A,18,GLN,18,GLN,True,True,alpha-helix_1,a_1
A,19,PHE,19,PHE,True,True,alpha-helix_1,a_1
A,20,ILE,20,ILE,True,True,alpha-helix_1,a_1
A,21,MET,21,MET,True,True,alpha-helix_1,a_1
A,22,GLU,22,GLU,True,True,alpha-helix_1,a_1
A,23,LYS,23,LYS,True,True,alpha-helix_1,a_1
A,24,TYR,24,TYR,True,True,alpha-helix_1,a_1
A,25,GLY,25,GLY,True,True,coil_3,c_3
A,26,ILE,26,ILE,True,True,coil_3,c_3
A,27,PRO,27,PRO,True,True,coil_3,c_3
A,28,GLN,28,GLN,True,True,beta-sheet_2,b_2
A,29,ILE,29,ILE,True,True,beta-sheet_2,b_2
A,30,SER,30,SER,True,True,beta-sheet_2,b_2
A,31,THR,31,THR,True,True,alpha-helix_2,a_2
A,32,GLY,32,GLY,True,True,alpha-helix_2,a_2
A,33,ASP,33,ASP,True,True,alpha-helix_2,a_2
A,34,MET,34,MET,True,True,alpha-helix_2,a_2
A,35,LEU,35,LEU,True,True,alpha-helix_2,a_2
A,36,ARG,36,ARG,True,True,alpha-helix_2,a_2
A,37,ALA,37,ALA,True,True,alpha-helix_2,a_2
A,38,ALA,38,ALA,True,True,alpha-helix_2,a_2
A,39,VAL,39,VAL,True,True,alpha-helix_2,a_2
A,40,LYS,40,LYS,True,True,alpha-helix_2,a_2
A,41,SER,41,SER,True,True,alpha-helix_2,a_2
A,42,GLY,42,GLY,True,True,coil_4,c_4
A,43,SER,43,SER,True,True,coil_4,c_4
A,44,GLU,44,GLU,True,True,coil_4,c_4
A,45,LEU,45,LEU,True,True,coil_4,c_4
A,46,GLY,46,GLY,True,True,coil_4,c_4
A,47,LYS,47,LYS,True,True,alpha-helix_3,a_3
A,48,GLN,48,GLN,True,True,alpha-helix_3,a_3
A,49,ALA,49,ALA,True,True,alpha-helix_3,a_3
A,50,LYS,50,LYS,True,True,alpha-helix_3,a_3
A,51,ASP,51,ASP,True,True,alpha-helix_3,a_3
A,52,ILE,52,ILE,True,True,alpha-helix_3,a_3
A,53,MET,53,MET,True,True,alpha-helix_3,a_3
A,54,ASP,54,ASP,True,True,alpha-helix_3,a_3
A,55,ALA,55,ALA,True,True,coil_5,c_5
A,56,GLY,56,GLY,True,True,coil_5,c_5
A,57,LYS,57,LYS,True,True,coil_5,c_5
A,58,LEU,58,LEU,True,True,coil_5,c_5
A,59,VAL,59,VAL,True,True,coil_5,c_5
A,60,THR,60,THR,True,True,coil_5,c_5
A,61,ASP,61,ASP,True,True,alpha-helix_4,a_4
A,62,GLU,62,GLU,True,True,alpha-helix_4,a_4
A,63,LEU,63,LEU,True,True,alpha-helix_4,a_4
A,64,VAL,64,VAL,True,True,alpha-helix_4,a_4
A,65,ILE,65,ILE,True,True,alpha-helix_4,a_4
A,66,ALA,66,ALA,True,True,alpha-helix_4,a_4
A,67,LEU,67,LEU,True,True,alpha-helix_4,a_4
A,68,VAL,68,VAL,True,True,alpha-helix_4,a_4
A,69,LYS,69,LYS,True,True,alpha-helix_4,a_4
A,70,GLU,70,GLU,True,True,alpha-helix_4,a_4
A,71,ARG,71,ARG,True,True,alpha-helix_4,a_4
A,72,ILE,72,ILE,True,True,alpha-helix_4,a_4
A,73,ALA,73,ALA,True,True,coil_6,c_6
A,74,GLN,74,GLN,True,True,coil_6,c_6
A,75,GLU,75,GLU,True,True,alpha-helix_5,a_5
A,76,ASP,76,ASP,True,True,alpha-helix_5,a_5
A,77,CYS,77,CYS,True,True,alpha-helix_5,a_5
A,78,ARG,78,ARG,True,True,coil_7,c_7
A,79,ASN,79,ASN,True,True,coil_7,c_7
A,80,GLY,80,GLY,True,True,coil_7,c_7
A,81,PHE,81,PHE,True,True,beta-sheet_3,b_3
A,82,LEU,82,LEU,True,True,beta-sheet_3,b_3
A,83,LEU,83,LEU,True,True,beta-sheet_3,b_3
A,84,ASP,84,ASP,True,True,beta-sheet_3,b_3
A,85,GLY,85,GLY,True,True,coil_8,c_8
A,86,PHE,86,PHE,True,True,coil_8,c_8
A,87,PRO,87,PRO,True,True,coil_8,c_8
A,88,ARG,88,ARG,True,True,coil_8,c_8
A,89,THR,89,THR,True,True,coil_8,c_8
A,90,ILE,90,ILE,True,True,alpha-helix_6,a_6
A,91,PRO,91,PRO,True,True,alpha-helix_6,a_6
A,92,GLN,92,GLN,True,True,alpha-helix_6,a_6
A,93,ALA,93,ALA,True,True,alpha-helix_6,a_6
A,94,ASP,94,ASP,True,True,alpha-helix_6,a_6
A,95,ALA,95,ALA,True,True,alpha-helix_6,a_6
A,96,MET,96,MET,True,True,alpha-helix_6,a_6
A,97,LYS,97,LYS,True,True,alpha-helix_6,a_6
A,98,GLU,98,GLU,True,True,alpha-helix_6,a_6
A,99,ALA,99,ALA,True,True,coil_9,c_9
A,100,GLY,100,GLY,True,True,coil_9,c_9
A,101,ILE,101,ILE,True,True,coil_9,c_9
A,102,ASN,102,ASN,True,True,coil_9,c_9
A,103,VAL,103,VAL,True,True,coil_9,c_9
A,104,ASP,104,ASP,True,True,coil_9,c_9
A,105,TYR,105,TYR,True,True,beta-sheet_4,b_4
A,106,VAL,106,VAL,True,True,beta-sheet_4,b_4
A,107,LEU,107,LEU,True,True,beta-sheet_4,b_4
A,108,GLU,108,GLU,True,True,beta-sheet_4,b_4
A,109,PHE,109,PHE,True,True,beta-sheet_4,b_4
A,110,ASP,110,ASP,True,True,beta-sheet_4,b_4
A,111,VAL,111,VAL,True,True,coil_10,c_10
A,112,PRO,112,PRO,True,True,coil_10,c_10
A,113,ASP,113,ASP,True,True,alpha-helix_7,a_7
A,114,GLU,114,GLU,True,True,alpha-helix_7,a_7
A,115,LEU,115,LEU,True,True,alpha-helix_7,a_7
A,116,ILE,116,ILE,True,True,alpha-helix_7,a_7
A,117,VAL,117,VAL,True,True,alpha-helix_7,a_7
A,118,ASP,118,ASP,True,True,alpha-helix_7,a_7
A,119,ARG,119,ARG,True,True,alpha-helix_7,a_7
A,120,ILE,120,ILE,True,True,alpha-helix_7,a_7
A,121,VAL,121,VAL,True,True,alpha-helix_7,a_7
A,122,GLY,122,GLY,True,True,coil_11,c_11
A,123,ARG,123,ARG,True,True,beta-sheet_5,b_5
A,124,ARG,124,ARG,True,True,beta-sheet_5,b_5
A,125,VAL,125,VAL,True,True,beta-sheet_5,b_5
A,126,HIS,126,HIS,True,True,coil_12,c_12
A,127,ALA,127,ALA,True,True,coil_12,c_12
A,128,PRO,128,PRO,True,True,coil_12,c_12
A,129,SER,129,SER,True,True,coil_12,c_12
A,130,GLY,130,GLY,True,True,coil_12,c_12
A,131,ARG,131,ARG,True,True,coil_12,c_12
A,132,VAL,132,VAL,True,True,beta-sheet_6,b_6
A,133,TYR,133,TYR,True,True,beta-sheet_6,b_6
A,134,HIS,134,HIS,True,True,beta-sheet_6,b_6
A,135,VAL,135,VAL,True,True,coil_13,c_13
A,136,LYS,136,LYS,True,True,coil_13,c_13
A,137,PHE,137,PHE,True,True,coil_13,c_13
A,138,ASN,138,ASN,True,True,coil_13,c_13
A,139,PRO,139,PRO,True,True,coil_13,c_13
A,140,PRO,140,PRO,True,True,coil_13,c_13
A,141,LYS,141,LYS,True,True,coil_13,c_13
A,142,VAL,142,VAL,True,True,coil_13,c_13
A,143,GLU,143,GLU,True,True,coil_13,c_13
A,144,GLY,144,GLY,True,True,coil_13,c_13
A,145,LYS,145,LYS,True,True,coil_13,c_13
A,146,ASP,146,ASP,True,True,coil_13,c_13
A,147,ASP,147,ASP,True,True,coil_13,c_13
A,148,VAL,148,VAL,True,True,coil_13,c_13
A,149,THR,149,THR,True,True,coil_13,c_13
A,150,GLY,150,GLY,True,True,coil_13,c_13
A,151,GLU,151,GLU,True,True,coil_13,c_13
A,152,GLU,152,GLU,True,True,coil_13,c_13
A,153,LEU,153,LEU,True,True,coil_13,c_13
A,154,THR,154,THR,True,True,coil_13,c_13
A,155,THR,155,THR,True,True,coil_13,c_13
A,156,ARG,156,ARG,True,True,coil_13,c_13
A,157,LYS,157,LYS,True,True,coil_13,c_13
A,158,ASP,158,ASP,True,True,coil_13,c_13
A,159,ASP,159,ASP,True,True,coil_13,c_13
A,160,GLN,160,GLN,True,True,coil_13,c_13
A,161,GLU,161,GLU,True,True,alpha-helix_8,a_8
A,162,GLU,162,GLU,True,True,alpha-helix_8,a_8
A,163,THR,163,THR,True,True,alpha-helix_8,a_8
A,164,VAL,164,VAL,True,True,alpha-helix_8,a_8
A,165,ARG,165,ARG,True,True,alpha-helix_8,a_8
A,166,LYS,166,LYS,True,True,alpha-helix_8,a_8
A,167,ARG,167,ARG,True,True,alpha-helix_8,a_8
A,168,LEU,168,LEU,True,True,alpha-helix_8,a_8
A,169,VAL,169,VAL,True,True,alpha-helix_8,a_8
A,170,GLU,170,GLU,True,True,alpha-helix_8,a_8
A,171,TYR,171,TYR,True,True,alpha-helix_8,a_8
A,172,HIS,172,HIS,True,True,alpha-helix_8,a_8
A,173,GLN,173,GLN,True,True,alpha-helix_8,a_8
A,174,MET,174,MET,True,True,alpha-helix_8,a_8
A,175,THR,175,THR,True,True,alpha-helix_8,a_8
A,176,ALA,176,ALA,True,True,alpha-helix_8,a_8
A,177,PRO,177,PRO,True,True,alpha-helix_8,a_8
A,178,LEU,178,LEU,True,True,alpha-helix_8,a_8
A,179,ILE,179,ILE,True,True,alpha-helix_8,a_8
A,180,GLY,180,GLY,True,True,alpha-helix_8,a_8
A,181,TYR,181,TYR,True,True,alpha-helix_8,a_8
A,182,TYR,182,TYR,True,True,alpha-helix_8,a_8
A,183,SER,183,SER,True,True,alpha-helix_8,a_8
A,184,LYS,184,LYS,True,True,alpha-helix_8,a_8
A,185,GLU,185,GLU,True,True,alpha-helix_8,a_8
A,186,ALA,186,ALA,True,True,alpha-helix_8,a_8
A,187,GLU,187,GLU,True,True,alpha-helix_8,a_8
A,188,ALA,188,ALA,True,True,coil_19,c_19
A,189,GLY,189,GLY,True,True,coil_19,c_19
A,190,ASN,190,ASN,True,True,coil_19,c_19
A,191,THR,191,THR,True,True,coil_19,c_19
A,192,LYS,192,LYS,True,True,beta-sheet_11,b_11
A,193,TYR,193,TYR,True,True,beta-sheet_11,b_11
A,194,ALA,194,ALA,True,True,beta-sheet_11,b_11
A,195,LYS,195,LYS,True,True,beta-sheet_11,b_11
A,196,VAL,196,VAL,True,True,beta-sheet_11,b_11
A,197,ASP,197,ASP,True,True,beta-sheet_11,b_11
A,198,GLY,198,GLY,True,True,coil_20,c_20
A,199,THR,199,THR,True,True,coil_20,c_20
A,200,LYS,200,LYS,True,True,coil_20,c_20
A,201,PRO,201,PRO,True,True,coil_20,c_20
A,202,VAL,202,VAL,True,True,alpha-helix_10,a_10
A,203,ALA,203,ALA,True,True,alpha-helix_10,a_10
A,204,GLU,204,GLU,True,True,alpha-helix_10,a_10
A,205,VAL,205,VAL,True,True,alpha-helix_10,a_10
A,206,ARG,206,ARG,True,True,alpha-helix_10,a_10
A,207,ALA,207,ALA,True,True,alpha-helix_10,a_10
A,208,ASP,208,ASP,True,True,alpha-helix_10,a_10
A,209,LEU,209,LEU,True,True,alpha-helix_10,a_10
A,210,GLU,210,GLU,True,True,alpha-helix_10,a_10
A,211,LYS,211,LYS,True,True,alpha-helix_10,a_10
A,212,ILE,212,ILE,True,True,alpha-helix_10,a_10
A,213,LEU,213,LEU,True,True,alpha-helix_10,a_10
A,214,GLY,214,GLY,True,True,coil_21,c_21
B,1,MET,1,MET,True,True,coil_21,c_21
B,2,ARG,2,ARG,True,True,beta-sheet_12,b_12
B,3,ILE,3,ILE,True,True,beta-sheet_12,b_12
B,4,ILE,4,ILE,True,True,beta-sheet_12,b_12
B,5,LEU,5,LEU,True,True,beta-sheet_12,b_12
B,6,LEU,6,LEU,True,True,beta-sheet_12,b_12
B,7,GLY,7,GLY,True,True,coil_22,c_22
B,8,ALA,8,ALA,True,True,coil_22,c_22
B,9,PRO,9,PRO,True,True,coil_22,c_22
B,10,GLY,10,GLY,True,True,coil_22,c_22
B,11,ALA,11,ALA,True,True,coil_22,c_22
B,12,GLY,12,GLY,True,True,coil_22,c_22
B,13,LYS,13,LYS,True,True,alpha-helix_11,a_11
B,14,GLY,14,GLY,True,True,alpha-helix_11,a_11
B,15,THR,15,THR,True,True,alpha-helix_11,a_11
B,16,GLN,16,GLN,True,True,alpha-helix_11,a_11
B,17,ALA,17,ALA,True,True,alpha-helix_11,a_11
B,18,GLN,18,GLN,True,True,alpha-helix_11,a_11
B,19,PHE,19,PHE,True,True,alpha-helix_11,a_11
B,20,ILE,20,ILE,True,True,alpha-helix_11,a_11
B,21,MET,21,MET,True,True,alpha-helix_11,a_11
B,22,GLU,22,GLU,True,True,alpha-helix_11,a_11
B,23,LYS,23,LYS,True,True,alpha-helix_11,a_11
B,24,TYR,24,TYR,True,True,alpha-helix_11,a_11
B,25,GLY,25,GLY,True,True,coil_23,c_23
B,26,ILE,26,ILE,True,True,coil_23,c_23
B,27,PRO,27,PRO,True,True,coil_23,c_23
B,28,GLN,28,GLN,True,True,beta-sheet_13,b_13
B,29,ILE,29,ILE,True,True,beta-sheet_13,b_13
B,30,SER,30,SER,True,True,beta-sheet_13,b_13
B,31,THR,31,THR,True,True,alpha-helix_12,a_12
B,32,GLY,32,GLY,True,True,alpha-helix_12,a_12
B,33,ASP,33,ASP,True,True,alpha-helix_12,a_12
B,34,MET,34,MET,True,True,alpha-helix_12,a_12
B,35,LEU,35,LEU,True,True,alpha-helix_12,a_12
B,36,ARG,36,ARG,True,True,alpha-helix_12,a_12
B,37,ALA,37,ALA,True,True,alpha-helix_12,a_12
B,38,ALA,38,ALA,True,True,alpha-helix_12,a_12
B,39,VAL,39,VAL,True,True,alpha-helix_12,a_12
B,40,LYS,40,LYS,True,True,alpha-helix_12,a_12
B,41,SER,41,SER,True,True,alpha-helix_12,a_12
B,42,GLY,42,GLY,True,True,coil_24,c_24
B,43,SER,43,SER,True,True,coil_24,c_24
B,44,GLU,44,GLU,True,True,coil_24,c_24
B,45,LEU,45,LEU,True,True,coil_24,c_24
B,46,GLY,46,GLY,True,True,coil_24,c_24
B,47,LYS,47,LYS,True,True,alpha-helix_13,a_13
B,48,GLN,48,GLN,True,True,alpha-helix_13,a_13
B,49,ALA,49,ALA,True,True,alpha-helix_13,a_13
B,50,LYS,50,LYS,True,True,alpha-helix_13,a_13
B,51,ASP,51,ASP,True,True,alpha-helix_13,a_13
B,52,ILE,52,ILE,True,True,alpha-helix_13,a_13
B,53,MET,53,MET,True,True,alpha-helix_13,a_13
B,54,ASP,54,ASP,True,True,alpha-helix_13,a_13
B,55,ALA,55,ALA,True,True,coil_25,c_25
B,56,GLY,56,GLY,True,True,coil_25,c_25
B,57,LYS,57,LYS,True,True,coil_25,c_25
B,58,LEU,58,LEU,True,True,coil_25,c_25
B,59,VAL,59,VAL,True,True,coil_25,c_25
B,60,THR,60,THR,True,True,coil_25,c_25
B,61,ASP,61,ASP,True,True,alpha-helix_14,a_14
B,62,GLU,62,GLU,True,True,alpha-helix_14,a_14
B,63,LEU,63,LEU,True,True,alpha-helix_14,a_14
B,64,VAL,64,VAL,True,True,alpha-helix_14,a_14
B,65,ILE,65,ILE,True,True,alpha-helix_14,a_14
B,66,ALA,66,ALA,True,True,alpha-helix_14,a_14
B,67,LEU,67,LEU,True,True,alpha-helix_14,a_14
B,68,VAL,68,VAL,True,True,alpha-helix_14,a_14
B,69,LYS,69,LYS,True,True,alpha-helix_14,a_14
B,70,GLU,70,GLU,True,True,alpha-helix_14,a_14
B,71,ARG,71,ARG,True,True,alpha-helix_14,a_14
B,72,ILE,72,ILE,True,True,alpha-helix_14,a_14
B,73,ALA,73,ALA,True,True,coil_26,c_26
B,74,GLN,74,GLN,True,True,coil_26,c_26
B,75,GLU,75,GLU,True,True,alpha-helix_15,a_15
B,76,ASP,76,ASP,True,True,alpha-helix_15,a_15
B,77,CYS,77,CYS,True,True,alpha-helix_15,a_15
B,78,ARG,78,ARG,True,True,coil_27,c_27
B,79,ASN,79,ASN,True,True,coil_27,c_27
B,80,GLY,80,GLY,True,True,coil_27,c_27
B,81,PHE,81,PHE,True,True,beta-sheet_14,b_14
B,82,LEU,82,LEU,True,True,beta-sheet_14,b_14
B,83,LEU,83,LEU,True,True,beta-sheet_14,b_14
B,84,ASP,84,ASP,True,True,beta-sheet_14,b_14
B,85,GLY,85,GLY,True,True,coil_28,c_28
B,86,PHE,86,PHE,True,True,coil_28,c_28
B,87,PRO,87,PRO,True,True,coil_28,c_28
B,88,ARG,88,ARG,True,True,coil_28,c_28
B,89,THR,89,THR,True,True,coil_28,c_28
B,90,ILE,90,ILE,True,True,alpha-helix_16,a_16
B,91,PRO,91,PRO,True,True,alpha-helix_16,a_16
B,92,GLN,92,GLN,True,True,alpha-helix_16,a_16
B,93,ALA,93,ALA,True,True,alpha-helix_16,a_16
B,94,ASP,94,ASP,True,True,alpha-helix_16,a_16
B,95,ALA,95,ALA,True,True,alpha-helix_16,a_16
B,96,MET,96,MET,True,True,alpha-helix_16,a_16
B,97,LYS,97,LYS,True,True,alpha-helix_16,a_16
B,98,GLU,98,GLU,True,True,alpha-helix_16,a_16
B,99,ALA,99,ALA,True,True,alpha-helix_16,a_16
B,100,GLY,100,GLY,True,True,coil_29,c_29
B,101,ILE,101,ILE,True,True,coil_29,c_29
B,102,ASN,102,ASN,True,True,coil_29,c_29
B,103,VAL,103,VAL,True,True,coil_29,c_29
B,104,ASP,104,ASP,True,True,coil_29,c_29
B,105,TYR,105,TYR,True,True,beta-sheet_15,b_15
B,106,VAL,106,VAL,True,True,beta-sheet_15,b_15
B,107,LEU,107,LEU,True,True,beta-sheet_15,b_15
B,108,GLU,108,GLU,True,True,beta-sheet_15,b_15
B,109,PHE,109,PHE,True,True,beta-sheet_15,b_15
B,110,ASP,110,ASP,True,True,beta-sheet_15,b_15
B,111,VAL,111,VAL,True,True,coil_30,c_30
B,112,PRO,112,PRO,True,True,coil_30,c_30
B,113,ASP,113,ASP,True,True,alpha-helix_17,a_17
B,114,GLU,114,GLU,True,True,alpha-helix_17,a_17
B,115,LEU,115,LEU,True,True,alpha-helix_17,a_17
B,116,ILE,116,ILE,True,True,alpha-helix_17,a_17
B,117,VAL,117,VAL,True,True,alpha-helix_17,a_17
B,118,ASP,118,ASP,True,True,alpha-helix_17,a_17
B,119,ARG,119,ARG,True,True,alpha-helix_17,a_17
B,120,ILE,120,ILE,True,True,alpha-helix_17,a_17
B,121,VAL,121,VAL,True,True,alpha-helix_17,a_17
B,122,GLY,122,GLY,True,True,coil_31,c_31
B,123,ARG,123,ARG,True,True,beta-sheet_16,b_16
B,124,ARG,124,ARG,True,True,beta-sheet_16,b_16
B,125,VAL,125,VAL,True,True,beta-sheet_16,b_16
B,126,HIS,126,HIS,True,True,beta-sheet_16,b_16
B,127,ALA,127,ALA,True,True,coil_32,c_32
B,128,PRO,128,PRO,True,True,coil_32,c_32
B,129,SER,129,SER,True,True,coil_32,c_32
B,130,GLY,130,GLY,True,True,coil_32,c_32
B,131,ARG,131,ARG,True,True,beta-sheet_17,b_17
B,132,VAL,132,VAL,True,True,beta-sheet_17,b_17
B,133,TYR,133,TYR,True,True,beta-sheet_17,b_17
B,134,HIS,134,HIS,True,True,beta-sheet_17,b_17
B,135,VAL,135,VAL,True,True,coil_33,c_33
B,136,LYS,136,LYS,True,True,coil_33,c_33
B,137,PHE,137,PHE,True,True,coil_33,c_33
B,138,ASN,138,ASN,True,True,coil_33,c_33
B,139,PRO,139,PRO,True,True,coil_33,c_33
B,140,PRO,140,PRO,True,True,coil_33,c_33
B,141,LYS,141,LYS,True,True,coil_33,c_33
B,142,VAL,142,VAL,True,True,coil_33,c_33
B,143,GLU,143,GLU,True,True,coil_33,c_33
B,144,GLY,144,GLY,True,True,coil_33,c_33
B,145,LYS,145,LYS,True,True,coil_33,c_33
B,146,ASP,146,ASP,True,True,coil_33,c_33
B,147,ASP,147,ASP,True,True,coil_33,c_33
B,148,VAL,148,VAL,True,True,coil_33,c_33
B,149,THR,149,THR,True,True,coil_33,c_33
B,150,GLY,150,GLY,True,True,coil_33,c_33
B,151,GLU,151,GLU,True,True,coil_33,c_33
B,152,GLU,152,GLU,True,True,coil_33,c_33
B,153,LEU,153,LEU,True,True,coil_33,c_33
B,154,THR,154,THR,True,True,coil_33,c_33
B,155,THR,155,THR,True,True,coil_33,c_33
B,156,ARG,156,ARG,True,True,coil_33,c_33
B,157,LYS,157,LYS,True,True,coil_33,c_33
B,158,ASP,158,ASP,True,True,coil_33,c_33
B,159,ASP,159,ASP,True,True,coil_33,c_33
B,160,GLN,160,GLN,True,True,coil_33,c_33
B,161,GLU,161,GLU,True,True,alpha-helix_18,a_18
B,162,GLU,162,GLU,True,True,alpha-helix_18,a_18
B,163,THR,163,THR,True,True,alpha-helix_18,a_18
B,164,VAL,164,VAL,True,True,alpha-helix_18,a_18
B,165,ARG,165,ARG,True,True,alpha-helix_18,a_18
B,166,LYS,166,LYS,True,True,alpha-helix_18,a_18
B,167,ARG,167,ARG,True,True,alpha-helix_18,a_18
B,168,LEU,168,LEU,True,True,alpha-helix_18,a_18
B,169,VAL,169,VAL,True,True,alpha-helix_18,a_18
B,170,GLU,170,GLU,True,True,alpha-helix_18,a_18
B,171,TYR,171,TYR,True,True,alpha-helix_18,a_18
B,172,HIS,172,HIS,True,True,alpha-helix_18,a_18
B,173,GLN,173,GLN,True,True,alpha-helix_18,a_18
B,174,MET,174,MET,True,True,alpha-helix_18,a_18
B,175,THR,175,THR,True,True,alpha-helix_18,a_18
B,176,ALA,176,ALA,True,True,alpha-helix_18,a_18
B,177,PRO,177,PRO,True,True,alpha-helix_18,a_18
B,178,LEU,178,LEU,True,True,alpha-helix_18,a_18
B,179,ILE,179,ILE,True,True,alpha-helix_18,a_18
B,180,GLY,180,GLY,True,True,alpha-helix_18,a_18
B,181,TYR,181,TYR,True,True,alpha-helix_18,a_18
B,182,TYR,182,TYR,True,True,alpha-helix_18,a_18
B,183,SER,183,SER,True,True,alpha-helix_18,a_18
B,184,LYS,184,LYS,True,True,alpha-helix_18,a_18
B,185,GLU,185,GLU,True,True,alpha-helix_18,a_18
B,186,ALA,186,ALA,True,True,alpha-helix_18,a_18
B,187,GLU,187,GLU,True,True,alpha-helix_18,a_18
B,188,ALA,188,ALA,True,True,coil_40,c_40
B,189,GLY,189,GLY,True,True,coil_40,c_40
B,190,ASN,190,ASN,True,True,coil_40,c_40
B,191,THR,191,THR,True,True,coil_40,c_40
B,192,LYS,192,LYS,True,True,beta-sheet_23,b_23
B,193,TYR,193,TYR,True,True,beta-sheet_23,b_23
B,194,ALA,194,ALA,True,True,beta-sheet_23,b_23
B,195,LYS,195,LYS,True,True,beta-sheet_23,b_23
B,196,VAL,196,VAL,True,True,beta-sheet_23,b_23
B,197,ASP,197,ASP,True,True,beta-sheet_23,b_23
B,198,GLY,198,GLY,True,True,coil_41,c_41
B,199,THR,199,THR,True,True,coil_41,c_41
B,200,LYS,200,LYS,True,True,coil_41,c_41
B,201,PRO,201,PRO,True,True,coil_41,c_41
B,202,VAL,202,VAL,True,True,alpha-helix_20,a_20
B,203,ALA,203,ALA,True,True,alpha-helix_20,a_20
B,204,GLU,204,GLU,True,True,alpha-helix_20,a_20
B,205,VAL,205,VAL,True,True,alpha-helix_20,a_20
B,206,ARG,206,ARG,True,True,alpha-helix_20,a_20
B,207,ALA,207,ALA,True,True,alpha-helix_20,a_20
B,208,ASP,208,ASP,True,True,alpha-helix_20,a_20
B,209,LEU,209,LEU,True,True,alpha-helix_20,a_20
B,210,GLU,210,GLU,True,True,alpha-helix_20,a_20
B,211,LYS,211,LYS,True,True,alpha-helix_20,a_20
B,212,ILE,212,ILE,True,True,alpha-helix_20,a_20
B,213,LEU,213,LEU,True,True,alpha-helix_20,a_20
B,214,GLY,214,GLY,True,True,coil_42,c_42
